name,value
AB_Anforderung_eCall,keine_Anforderung
BCM_Bremsbelag_Sensor,OK
BCM_Bremsbelag_Sensor_CND,OK
BCM_Bremsbelag_Sensor_NAR,OK
BCM_Bremsbelag_Sensor_Rdw,OK
BCM_Kuehlmittel_Sensor,OK
BMS_DC_Ladeprofil_Wechsel,keinWechselMoeglich
BMS_DC_Ladeschuetze_Ist,Init
BMS_IsoFehler,IsoFehler_Schwelle_2
BMS_IsoFehler,IWU_defekt
BMS_IsoFehler,kein_IsoFehler
BMS_Ladezustand,70.35
BMS_Ladezustand,52.6
BMS_Ladezustand,54.35
BMS_Ladezustand,66.1
BMS_Ladezustand,55.35
BMS_Ladezustand,init
BMS_Ladezustand,62.15
BMS_Ladezustand,48.65
BMS_Ladezustand,42.4
BMS_Ladezustand,35.05
BMS_Ladezustand,49.75
BMS_Ladezustand,63.6
BMS_Ladezustand,54.5
BMS_Ladezustand,67.9
BMS_Ladezustand,49.8
BMS_Ladezustand,67.85
BMS_Ladezustand,56.5
BMS_Ladezustand,42.45
BMS_Ladezustand,69.8
BMS_Ladezustand,58.35
BMS_Ladezustand,74.4
BMS_Ladezustand,39.75
BMS_Ladezustand,58.2
BMS_Ladezustand,54
BMS_Ladezustand,70.55
BMS_Ladezustand,51.7
BMS_Ladezustand,68.55
BMS_Ladezustand,36.85
BMS_Ladezustand,68.2
BMS_Ladezustand,58
BMS_Ladezustand,68.6
BMS_Ladezustand,69.95
BMS_Ladezustand,70.7
BMS_Ladezustand,67.05
BMS_Ladezustand,69.55
BMS_Ladezustand,57
BMS_Ladezustand,74.55
BMS_Ladezustand,56.35
BMS_Ladezustand,56.15
BMS_Ladezustand,56.7
BMS_Ladezustand,66.75
BMS_Ladezustand,37.3
BMS_Ladezustand,42.15
BMS_Ladezustand,59.35
BMS_Ladezustand,72.5
BMS_Ladezustand,51.05
BMS_Ladezustand,51.2
BMS_Ladezustand,58.85
BMS_Ladezustand,50.45
BMS_Ladezustand,52.9
BMS_Ladezustand,74.2
BMS_Ladezustand,55.3
BMS_Ladezustand,38.9
BMS_Ladezustand,36.8
BMS_Ladezustand,61.75
BMS_Ladezustand,61.85
BMS_Ladezustand,42.5
BMS_Ladezustand,43.2
BMS_Ladezustand,41.45
BMS_Ladezustand,49.9
BMS_Ladezustand,74
BMS_Ladezustand,51.1
BMS_Ladezustand,73.9
BMS_Ladezustand,49.65
BMS_Ladezustand,59.45
BMS_Ladezustand,36.55
BMS_Ladezustand,58.4
BMS_Ladezustand,34.35
BMS_Ladezustand,72.45
BMS_Ladezustand,51.5
BMS_Ladezustand,63.35
BMS_Ladezustand,33.2
BMS_Ladezustand,65.25
BMS_Ladezustand,55.55
BMS_Ladezustand,50.7
BMS_Ladezustand,57.4
BMS_Ladezustand,70.25
BMS_Ladezustand,57.3
BMS_Ladezustand,36.9
BMS_Ladezustand,74.6
BMS_Ladezustand,36.6
BMS_Ladezustand,73.4
BMS_Ladezustand,34.55
BMS_Ladezustand,63
BMS_Ladezustand,33.15
BMS_Ladezustand,57.25
BMS_Ladezustand,44.1
BMS_Ladezustand,67.4
BMS_Ladezustand,41.75
BMS_Ladezustand,43
BMS_Ladezustand,34.85
BMS_Ladezustand,60.3
BMS_Ladezustand,72.55
BMS_Ladezustand,51.15
BMS_Ladezustand,50.05
BMS_Ladezustand,58.1
BMS_Ladezustand,66.05
BMS_Ladezustand,51.55
BMS_Ladezustand,53.4
BMS_Ladezustand,49.5
BMS_Ladezustand,38.15
BMS_Ladezustand,73.85
BMS_Ladezustand,66.5
BMS_Ladezustand,72.2
BMS_Ladezustand,44.15
BMS_Ladezustand,61
BMS_Ladezustand,54.2
BMS_Ladezustand,54.9
BMS_Ladezustand,34.15
BMS_Ladezustand,59.7
BMS_Ladezustand,54.25
BMS_Ladezustand,51
BMS_Ladezustand,36.65
BMS_Ladezustand,50.9
BMS_Ladezustand,62.3
BMS_Ladezustand,39.05
BMS_Ladezustand,57.1
BMS_Ladezustand,38.25
BMS_Ladezustand,53.1
BMS_Ladezustand,62.2
BMS_Ladezustand,42
BMS_Ladezustand,58.05
BMS_Ladezustand,62.55
BMS_Ladezustand,64.9
BMS_Ladezustand,60
BMS_Ladezustand,58.95
BMS_Ladezustand,74.8
BMS_Ladezustand,41.2
BMS_Ladezustand,67
BMS_Ladezustand,56.8
BMS_Ladezustand,42.2
BMS_Ladezustand,70.8
BMS_Ladezustand,55.2
BMS_Ladezustand,71.55
BMS_Ladezustand,63.7
BMS_Ladezustand,58.55
BMS_Ladezustand,73.5
BMS_Ladezustand,43.9
BMS_Ladezustand,33.4
BMS_Ladezustand,34.65
BMS_Ladezustand,74.85
BMS_Ladezustand,70.65
BMS_Ladezustand,71.6
BMS_Ladezustand,54.15
BMS_Ladezustand,74.7
BMS_Ladezustand,71.85
BMS_Ladezustand,34.6
BMS_Ladezustand,58.15
BMS_Ladezustand,33.55
BMS_Ladezustand,54.3
BMS_Ladezustand,52.55
BMS_Ladezustand,60.55
BMS_Ladezustand,55.5
BMS_Ladezustand,43.85
BMS_Ladezustand,41
BMS_Ladezustand,41.7
BMS_Ladezustand,73.65
BMS_Ladezustand,43.45
BMS_Ladezustand,54.85
BMS_Ladezustand,61.35
BMS_Ladezustand,72.95
BMS_Ladezustand,51.35
BMS_Ladezustand,71.2
BMS_Ladezustand,70.5
BMS_Ladezustand,52.2
BMS_Ladezustand,67.6
BMS_Ladezustand,39.4
BMS_Ladezustand,68.3
BMS_Ladezustand,50.75
BMS_Ladezustand,69.15
BMS_Ladezustand,59.95
BMS_Ladezustand,54.7
BMS_Ladezustand,59.25
BMS_Ladezustand,56.1
BMS_Ladezustand,37.35
BMS_Ladezustand,54.4
BMS_Ladezustand,40.95
BMS_Ladezustand,62.05
BMS_Ladezustand,57.65
BMS_Ladezustand,62.75
BMS_Ladezustand,59.05
BMS_Ladezustand,58.45
BMS_Ladezustand,54.55
BMS_Ladezustand,37.15
BMS_Ladezustand,61.3
BMS_Ladezustand,64.3
BMS_Ladezustand,59.8
BMS_Ladezustand,61.15
BMS_Ladezustand,63.75
BMS_Ladezustand,56.25
BMS_Ladezustand,54.6
BMS_Ladezustand,35.45
BMS_Ladezustand,41.3
BMS_Ladezustand,38.1
BMS_Ladezustand,66.2
BMS_Ladezustand,57.15
BMS_Ladezustand,38.05
BMS_Ladezustand,33.25
BMS_Ladezustand,62.45
BMS_Ladezustand,44.4
BMS_Ladezustand,58.5
BMS_Ladezustand,70.6
BMS_Ladezustand,58.9
BMS_Ladezustand,69.9
BMS_Ladezustand,38.65
BMS_Ladezustand,65.4
BMS_Ladezustand,37.05
BMS_Ladezustand,41.35
BMS_Ladezustand,70.2
BMS_Ladezustand,61.4
BMS_Ladezustand,65.2
BMS_Ladezustand,52.8
BMS_Ladezustand,62
BMS_Ladezustand,68
BMS_Ladezustand,65.1
BMS_Ladezustand,67.95
BMS_Ladezustand,42.25
BMS_Ladezustand,56.05
BMS_Ladezustand,50.25
BMS_Ladezustand,37.4
BMS_Ladezustand,72
BMS_Ladezustand,62.1
BMS_Ladezustand,75.05
BMS_Ladezustand,67.15
BMS_Ladezustand,58.3
BMS_Ladezustand,74.1
BMS_Ladezustand,53.95
BMS_Ladezustand,67.55
BMS_Ladezustand,51.3
BMS_Ladezustand,36.3
BMS_Ladezustand,61.55
BMS_Ladezustand,74.75
BMS_Ladezustand,35.5
BMS_Ladezustand,61.8
BMS_Ladezustand,64.25
BMS_Ladezustand,71.45
BMS_Ladezustand,67.45
BMS_Ladezustand,51.65
BMS_Ladezustand,38.95
BMS_Ladezustand,60.25
BMS_Ladezustand,56.3
BMS_Ladezustand,59.3
BMS_Ladezustand,65.6
BMS_Ladezustand,64.95
BMS_Ladezustand,60.8
BMS_Ladezustand,57.8
BMS_Ladezustand,74.3
BMS_Ladezustand,61.45
BMS_Ladezustand,34.3
BMS_Ladezustand,51.6
BMS_Ladezustand,34.45
BMS_Ladezustand,37.25
BMS_Ladezustand,72.7
BMS_Ladezustand,39.6
BMS_Ladezustand,63.9
BMS_Ladezustand,72.35
BMS_Ladezustand,58.6
BMS_Ladezustand,59.4
BMS_Ladezustand,55.75
BMS_Ladezustand,56.85
BMS_Ladezustand,41.55
BMS_Ladezustand,56.6
BMS_Ladezustand,65.55
BMS_Ladezustand,61.2
BMS_Ladezustand,57.5
BMS_Ladezustand,49.7
BMS_Ladezustand,67.2
BMS_Ladezustand,74.5
BMS_Ladezustand,68.05
BMS_Ladezustand,60.95
BMS_Ladezustand,41.8
BMS_Ladezustand,71.9
BMS_Ladezustand,63.85
BMS_Ladezustand,62.9
BMS_Ladezustand,74.95
BMS_Ladezustand,61.7
BMS_Ladezustand,58.25
BMS_Ladezustand,43.8
BMS_Ladezustand,68.5
BMS_Ladezustand,50.6
BMS_Ladezustand,69.85
BMS_Ladezustand,74.45
BMS_Ladezustand,73.45
BMS_Ladezustand,41.9
BMS_Ladezustand,50.55
BMS_Ladezustand,69.75
BMS_Ladezustand,68.25
BMS_Ladezustand,56.75
BMS_Ladezustand,34
BMS_Ladezustand,64.7
BMS_Ladezustand,64.65
BMS_Ladezustand,54.45
BMS_Ladezustand,71.3
BMS_Ladezustand,65.35
BMS_Ladezustand,55.7
BMS_Ladezustand,74.05
BMS_Ladezustand,39.45
BMS_Ladezustand,71.5
BMS_Ladezustand,73.35
BMS_Ladezustand,43.7
BMS_Ladezustand,70.85
BMS_Ladezustand,38.6
BMS_Ladezustand,49.15
BMS_Ladezustand,58.7
BMS_Ladezustand,59.5
BMS_Ladezustand,60.65
BMS_Ladezustand,40.9
BMS_Ladezustand,60.6
BMS_Ladezustand,57.45
BMS_Ladezustand,70.05
BMS_Ladezustand,63.1
BMS_Ladezustand,69.35
BMS_Ladezustand,61.65
BMS_Ladezustand,53.85
BMS_Ladezustand,73.05
BMS_Ladezustand,41.05
BMS_Ladezustand,64.55
BMS_Ladezustand,50.5
BMS_Ladezustand,37.1
BMS_Ladezustand,39.55
BMS_Ladezustand,52.75
BMS_Ladezustand,62.65
BMS_Ladezustand,55.85
BMS_Ladezustand,43.25
BMS_Ladezustand,44
BMS_Ladezustand,57.75
BMS_Ladezustand,36.05
BMS_Ladezustand,74.15
BMS_Ladezustand,73
BMS_Ladezustand,59.1
BMS_Ladezustand,51.8
BMS_Ladezustand,55.65
BMS_Ladezustand,72.6
BMS_Ladezustand,44.25
BMS_Ladezustand,33.35
BMS_Ladezustand,39.5
BMS_Ladezustand,63.8
BMS_Ladezustand,57.85
BMS_Ladezustand,38.55
BMS_Ladezustand,49.35
BMS_Ladezustand,62.35
BMS_Ladezustand,72.1
BMS_Ladezustand,74.9
BMS_Ladezustand,41.85
BMS_Ladezustand,55.25
BMS_Ladezustand,52.1
BMS_Ladezustand,54.75
BMS_Ladezustand,66.3
BMS_Ladezustand,49.6
BMS_Ladezustand,33.45
BMS_Ladezustand,72.4
BMS_Ladezustand,57.05
BMS_Ladezustand,51.4
BMS_Ladezustand,52.95
BMS_Ladezustand,56.45
BMS_Ladezustand,66.6
BMS_Ladezustand,34.5
BMS_Ladezustand,50.65
BMS_Ladezustand,64.4
BMS_Ladezustand,70.75
BMS_Ladezustand,67.75
BMS_Ladezustand,65.65
BMS_Ladezustand,64.85
BMS_Ladezustand,56.2
BMS_Ladezustand,69
BMS_Ladezustand,54.8
BMS_Ladezustand,35.75
BMS_Ladezustand,69.5
BMS_Ladezustand,57.7
BMS_Ladezustand,49.4
BMS_Ladezustand,55.8
BMS_Ladezustand,73.8
BMS_Ladezustand,59.15
BMS_Ladezustand,56.95
BMS_Ladezustand,52.05
BMS_Ladezustand,60.1
BMS_Ladezustand,69.4
BMS_Ladezustand,42.3
BMS_Ladezustand,50.3
BMS_Ladezustand,60.5
BMS_Ladezustand,37.2
BMS_Ladezustand,53.9
BMS_Ladezustand,71.4
BMS_Ladezustand,37.8
BMS_Ladezustand,67.8
BMS_Ladezustand,40.85
BMS_Ladezustand,57.9
BMS_Ladezustand,69.7
BMS_Ladezustand,70.3
BMS_Ladezustand,41.95
BMS_Ladezustand,73.6
BMS_Ladezustand,64.8
BMS_Ladezustand,56.55
BMS_Ladezustand,63.5
BMS_Ladezustand,43.5
BMS_Ladezustand,35.2
BMS_Ladezustand,61.25
BMS_Ladezustand,36.7
BMS_Ladezustand,70.15
BMS_Ladezustand,51.25
BMS_Ladezustand,54.05
BMS_Ladezustand,55.45
BMS_Ladezustand,67.25
BMS_Ladezustand,69.2
BMS_Ladezustand,70.9
BMS_Ladezustand,58.75
BMS_Ladezustand,67.5
BMS_Ladezustand,62.6
BMS_Ladezustand,61.6
BMS_Ladezustand,50.4
BMS_Ladezustand,69.1
BMS_Ladezustand,33.3
BMS_Ladezustand,69.6
BMS_Ladezustand,42.1
BMS_Ladezustand,56.65
BMS_Ladezustand,50.8
BMS_Ladezustand,43.55
BMS_Ladezustand,35.3
BMS_Ladezustand,63.65
BMS_Ladezustand,71.35
BMS_Ladezustand,34.1
BMS_Ladezustand,63.55
BMS_Ladezustand,74.65
BMS_Ladezustand,37.45
BMS_Ladezustand,53
BMS_Ladezustand,49.85
BMS_Ladezustand,58.65
BMS_Ladezustand,43.15
BMS_Ladezustand,69.3
BMS_Ladezustand,52.15
BMS_Ladezustand,37
BMS_Ladezustand,59.6
BMS_Ladezustand,56
BMS_Ladezustand,55.6
BMS_Ladezustand,61.5
BMS_Ladezustand,38.7
BMS_Ladezustand,54.65
BMS_Ladezustand,50.85
BMS_Ladezustand,42.6
BMS_Ladezustand,63.05
BMS_Ladezustand,53.65
BMS_Ladezustand,60.85
BMS_Ladezustand,62.5
BMS_Ladezustand,64.1
BMS_Ladezustand,60.7
BMS_Ladezustand,60.05
BMS_Ladezustand,41.5
BMS_Ladezustand,33.85
BMS_Ladezustand,73.7
BMS_Ladezustand,42.8
BMS_Ladezustand,62.85
BMS_Ladezustand,60.45
BMS_Ladezustand,70
BMS_Ladezustand,69.25
BMS_Ladezustand,55.9
BMS_Ladezustand,53.6
BMS_Ladezustand,44.3
BMS_Ladezustand,50.35
BMS_Ladezustand,53.5
BMS_Ladezustand,65.05
BMS_Ladezustand,69.05
BMS_Ladezustand,73.55
BMS_Ladezustand,57.55
BMS_Ladezustand,66.8
BMS_Ladezustand,42.05
BMS_Ladezustand,49.45
BMS_Ladezustand,72.15
BMS_Ladezustand,72.25
BMS_Ladezustand,43.3
BMS_Ladezustand,43.1
BMS_Ladezustand,59.9
BMS_Ladezustand,38.8
BMS_Ladezustand,53.8
BMS_Ladezustand,33.6
BMS_Ladezustand,42.65
BMS_Ladezustand,51.85
BMS_Ladezustand,53.15
BMS_Ladezustand,66.45
BMS_Ladezustand,35.8
BMS_Ladezustand,42.9
BMS_Ladezustand,56.4
BMS_Ladezustand,53.7
BMS_Ladezustand,55.4
BMS_Ladezustand,67.1
BMS_Ladezustand,59.55
BMS_Ladezustand,66.55
BMS_Ladezustand,65.15
BMS_Ladezustand,49.95
BMS_Ladezustand,38.85
BMS_Ladezustand,68.35
BMS_Ladezustand,60.35
BMS_Ladezustand,60.2
BMS_Ladezustand,64.5
BMS_Ladezustand,49.55
BMS_Ladezustand,59.75
BMS_Ladezustand,36
BMS_Ladezustand,43.4
BMS_Ladezustand,64.6
BMS_Ladezustand,36.35
BMS_Ladezustand,41.6
BMS_Ladezustand,38.2
BMS_Ladezustand,33.9
BMS_Ladezustand,61.9
BMS_Ladezustand,39
BMS_Ladezustand,69.45
BMS_Ladezustand,34.2
BMS_Ladezustand,58.8
BMS_Ladezustand,65.45
BMS_Ladezustand,60.15
BMS_Ladezustand,71.95
BMS_Ladezustand,37.55
BMS_Ladezustand,37.95
BMS_Ladezustand,70.4
BMS_Ladezustand,66.9
BMS_Ladezustand,61.1
BMS_Ladezustand,39.7
BMS_Ladezustand,61.95
BMS_Ladezustand,57.2
BMS_Ladezustand,38
BMS_Ladezustand,53.75
BMS_Ladezustand,42.95
BMS_Ladezustand,39.35
BMS_Ladezustand,36.95
BMS_Ladezustand,60.9
BMS_Ladezustand,66.15
BMS_Ladezustand,33.5
BMS_Ladezustand,74.25
BMS_Ladezustand,62.7
BMS_Ladezustand,60.4
BMS_Ladezustand,59.65
BMS_Ladezustand,37.7
BMS_Ladezustand,50.2
BMS_Ladezustand,51.75
BMS_Ladezustand,64.75
BMS_Ladezustand,42.75
BMS_Ladezustand,43.75
BMS_Ladezustand,35.6
BMS_Ladezustand,57.95
BMS_Ladezustand,50
BMS_Ladezustand,72.3
BMS_Ladezustand,54.1
BMS_Ladezustand,68.1
BMS_Ladezustand,59
BMS_Ladezustand,64.05
BMS_Ladezustand,70.45
BMS_Ladezustand,41.65
BMS_Ladezustand,68.45
BMS_Ladezustand,59.2
BMS_Ladezustand,44.05
BMS_Ladezustand,56.9
BMS_Ladezustand,73.95
BMS_Ladezustand,42.35
BMS_Ladezustand,68.65
BMS_Ladezustand,57.35
BMS_Ladezustand,61.05
BMS_Ladezustand,33.95
BMS_Ladezustand,62.95
BMS_Ladezustand,37.65
BMS_Ladezustand,73.3
BMS_Ladezustand,52.85
BMS_Ladezustand,51.45
BMS_Ladezustand,42.7
BMS_Ladezustand,74.35
BMS_Ladezustand,41.25
BMS_Ladezustand,65.5
BMS_Ladezustand,37.75
BMS_Ladezustand,57.6
BMS_Ladezustand,37.6
BMS_Ladezustand,53.55
BMS_Ladezustand,66.25
BMS_Ladezustand,38.5
BMS_Ladezustand,50.1
BMS_Ladezustand,63.45
BMS_Ladezustand,71.25
BMS_Ladezustand,69.65
BMS_Ladezustand,38.3
BMS_Ladezustand,68.15
BMS_Ladezustand,72.05
BMS_Ladezustand,37.85
BMS_Ladezustand,59.85
BMS_Ladezustand,37.5
BMS_Ladezustand,55.95
BMS_Nutzbare_EntladeEnergie,38415
BMS_Nutzbare_EntladeEnergie,46115
BMS_Nutzbare_EntladeEnergie,54130
BMS_Nutzbare_EntladeEnergie,38370
BMS_Nutzbare_EntladeEnergie,46355
BMS_Nutzbare_EntladeEnergie,37840
BMS_Nutzbare_EntladeEnergie,38130
BMS_Nutzbare_EntladeEnergie,45825
BMS_Nutzbare_EntladeEnergie,55970
BMS_Nutzbare_EntladeEnergie,31060
BMS_Nutzbare_EntladeEnergie,50690
BMS_Nutzbare_EntladeEnergie,44260
BMS_Nutzbare_EntladeEnergie,41020
BMS_Nutzbare_EntladeEnergie,53745
BMS_Nutzbare_EntladeEnergie,52210
BMS_Nutzbare_EntladeEnergie,38860
BMS_Nutzbare_EntladeEnergie,44715
BMS_Nutzbare_EntladeEnergie,41210
BMS_Nutzbare_EntladeEnergie,49310
BMS_Nutzbare_EntladeEnergie,55780
BMS_Nutzbare_EntladeEnergie,44040
BMS_Nutzbare_EntladeEnergie,30650
BMS_Nutzbare_EntladeEnergie,46195
BMS_Nutzbare_EntladeEnergie,46400
BMS_Nutzbare_EntladeEnergie,41540
BMS_Nutzbare_EntladeEnergie,58265
BMS_Nutzbare_EntladeEnergie,53830
BMS_Nutzbare_EntladeEnergie,55835
BMS_Nutzbare_EntladeEnergie,30230
BMS_Nutzbare_EntladeEnergie,48260
BMS_Nutzbare_EntladeEnergie,46330
BMS_Nutzbare_EntladeEnergie,55905
BMS_Nutzbare_EntladeEnergie,39520
BMS_Nutzbare_EntladeEnergie,39275
BMS_Nutzbare_EntladeEnergie,40115
BMS_Nutzbare_EntladeEnergie,25285
BMS_Nutzbare_EntladeEnergie,26460
BMS_Nutzbare_EntladeEnergie,38080
BMS_Nutzbare_EntladeEnergie,53975
BMS_Nutzbare_EntladeEnergie,27270
BMS_Nutzbare_EntladeEnergie,30380
BMS_Nutzbare_EntladeEnergie,46390
BMS_Nutzbare_EntladeEnergie,45095
BMS_Nutzbare_EntladeEnergie,47935
BMS_Nutzbare_EntladeEnergie,44080
BMS_Nutzbare_EntladeEnergie,52170
BMS_Nutzbare_EntladeEnergie,27230
BMS_Nutzbare_EntladeEnergie,26295
BMS_Nutzbare_EntladeEnergie,30140
BMS_Nutzbare_EntladeEnergie,23645
BMS_Nutzbare_EntladeEnergie,41285
BMS_Nutzbare_EntladeEnergie,44640
BMS_Nutzbare_EntladeEnergie,47960
BMS_Nutzbare_EntladeEnergie,47125
BMS_Nutzbare_EntladeEnergie,36300
BMS_Nutzbare_EntladeEnergie,46045
BMS_Nutzbare_EntladeEnergie,45075
BMS_Nutzbare_EntladeEnergie,31785
BMS_Nutzbare_EntladeEnergie,44710
BMS_Nutzbare_EntladeEnergie,47595
BMS_Nutzbare_EntladeEnergie,26745
BMS_Nutzbare_EntladeEnergie,26775
BMS_Nutzbare_EntladeEnergie,37830
BMS_Nutzbare_EntladeEnergie,50675
BMS_Nutzbare_EntladeEnergie,47820
BMS_Nutzbare_EntladeEnergie,44245
BMS_Nutzbare_EntladeEnergie,53045
BMS_Nutzbare_EntladeEnergie,47805
BMS_Nutzbare_EntladeEnergie,57205
BMS_Nutzbare_EntladeEnergie,46295
BMS_Nutzbare_EntladeEnergie,47840
BMS_Nutzbare_EntladeEnergie,26750
BMS_Nutzbare_EntladeEnergie,29775
BMS_Nutzbare_EntladeEnergie,26575
BMS_Nutzbare_EntladeEnergie,57575
BMS_Nutzbare_EntladeEnergie,53625
BMS_Nutzbare_EntladeEnergie,30580
BMS_Nutzbare_EntladeEnergie,37780
BMS_Nutzbare_EntladeEnergie,58035
BMS_Nutzbare_EntladeEnergie,46610
BMS_Nutzbare_EntladeEnergie,39250
BMS_Nutzbare_EntladeEnergie,26345
BMS_Nutzbare_EntladeEnergie,48125
BMS_Nutzbare_EntladeEnergie,26350
BMS_Nutzbare_EntladeEnergie,28365
BMS_Nutzbare_EntladeEnergie,49935
BMS_Nutzbare_EntladeEnergie,40985
BMS_Nutzbare_EntladeEnergie,23765
BMS_Nutzbare_EntladeEnergie,55710
BMS_Nutzbare_EntladeEnergie,24125
BMS_Nutzbare_EntladeEnergie,57990
BMS_Nutzbare_EntladeEnergie,56535
BMS_Nutzbare_EntladeEnergie,24470
BMS_Nutzbare_EntladeEnergie,53980
BMS_Nutzbare_EntladeEnergie,41815
BMS_Nutzbare_EntladeEnergie,45980
BMS_Nutzbare_EntladeEnergie,53955
BMS_Nutzbare_EntladeEnergie,49160
BMS_Nutzbare_EntladeEnergie,57315
BMS_Nutzbare_EntladeEnergie,30470
BMS_Nutzbare_EntladeEnergie,52410
BMS_Nutzbare_EntladeEnergie,44725
BMS_Nutzbare_EntladeEnergie,43885
BMS_Nutzbare_EntladeEnergie,50630
BMS_Nutzbare_EntladeEnergie,52320
BMS_Nutzbare_EntladeEnergie,45065
BMS_Nutzbare_EntladeEnergie,57125
BMS_Nutzbare_EntladeEnergie,39135
BMS_Nutzbare_EntladeEnergie,39740
BMS_Nutzbare_EntladeEnergie,26480
BMS_Nutzbare_EntladeEnergie,30630
BMS_Nutzbare_EntladeEnergie,47110
BMS_Nutzbare_EntladeEnergie,39700
BMS_Nutzbare_EntladeEnergie,57645
BMS_Nutzbare_EntladeEnergie,41370
BMS_Nutzbare_EntladeEnergie,36560
BMS_Nutzbare_EntladeEnergie,48375
BMS_Nutzbare_EntladeEnergie,45955
BMS_Nutzbare_EntladeEnergie,55775
BMS_Nutzbare_EntladeEnergie,52285
BMS_Nutzbare_EntladeEnergie,37280
BMS_Nutzbare_EntladeEnergie,52525
BMS_Nutzbare_EntladeEnergie,23755
BMS_Nutzbare_EntladeEnergie,29470
BMS_Nutzbare_EntladeEnergie,44270
BMS_Nutzbare_EntladeEnergie,39640
BMS_Nutzbare_EntladeEnergie,46180
BMS_Nutzbare_EntladeEnergie,46665
BMS_Nutzbare_EntladeEnergie,48235
BMS_Nutzbare_EntladeEnergie,30035
BMS_Nutzbare_EntladeEnergie,53730
BMS_Nutzbare_EntladeEnergie,46730
BMS_Nutzbare_EntladeEnergie,44305
BMS_Nutzbare_EntladeEnergie,49015
BMS_Nutzbare_EntladeEnergie,46200
BMS_Nutzbare_EntladeEnergie,46105
BMS_Nutzbare_EntladeEnergie,29665
BMS_Nutzbare_EntladeEnergie,51905
BMS_Nutzbare_EntladeEnergie,24455
BMS_Nutzbare_EntladeEnergie,52185
BMS_Nutzbare_EntladeEnergie,53835
BMS_Nutzbare_EntladeEnergie,46855
BMS_Nutzbare_EntladeEnergie,52250
BMS_Nutzbare_EntladeEnergie,51970
BMS_Nutzbare_EntladeEnergie,57325
BMS_Nutzbare_EntladeEnergie,46880
BMS_Nutzbare_EntladeEnergie,26475
BMS_Nutzbare_EntladeEnergie,36335
BMS_Nutzbare_EntladeEnergie,44475
BMS_Nutzbare_EntladeEnergie,36260
BMS_Nutzbare_EntladeEnergie,40980
BMS_Nutzbare_EntladeEnergie,37130
BMS_Nutzbare_EntladeEnergie,41235
BMS_Nutzbare_EntladeEnergie,24880
BMS_Nutzbare_EntladeEnergie,30395
BMS_Nutzbare_EntladeEnergie,47700
BMS_Nutzbare_EntladeEnergie,44265
BMS_Nutzbare_EntladeEnergie,50415
BMS_Nutzbare_EntladeEnergie,48080
BMS_Nutzbare_EntladeEnergie,44980
BMS_Nutzbare_EntladeEnergie,43795
BMS_Nutzbare_EntladeEnergie,46425
BMS_Nutzbare_EntladeEnergie,44235
BMS_Nutzbare_EntladeEnergie,27340
BMS_Nutzbare_EntladeEnergie,51880
BMS_Nutzbare_EntladeEnergie,53575
BMS_Nutzbare_EntladeEnergie,36225
BMS_Nutzbare_EntladeEnergie,41690
BMS_Nutzbare_EntladeEnergie,45045
BMS_Nutzbare_EntladeEnergie,44885
BMS_Nutzbare_EntladeEnergie,36910
BMS_Nutzbare_EntladeEnergie,55855
BMS_Nutzbare_EntladeEnergie,48855
BMS_Nutzbare_EntladeEnergie,45240
BMS_Nutzbare_EntladeEnergie,48015
BMS_Nutzbare_EntladeEnergie,58060
BMS_Nutzbare_EntladeEnergie,39060
BMS_Nutzbare_EntladeEnergie,41580
BMS_Nutzbare_EntladeEnergie,23770
BMS_Nutzbare_EntladeEnergie,46815
BMS_Nutzbare_EntladeEnergie,47530
BMS_Nutzbare_EntladeEnergie,27235
BMS_Nutzbare_EntladeEnergie,44460
BMS_Nutzbare_EntladeEnergie,53355
BMS_Nutzbare_EntladeEnergie,46670
BMS_Nutzbare_EntladeEnergie,37770
BMS_Nutzbare_EntladeEnergie,40130
BMS_Nutzbare_EntladeEnergie,53565
BMS_Nutzbare_EntladeEnergie,46595
BMS_Nutzbare_EntladeEnergie,37705
BMS_Nutzbare_EntladeEnergie,58140
BMS_Nutzbare_EntladeEnergie,48020
BMS_Nutzbare_EntladeEnergie,39830
BMS_Nutzbare_EntladeEnergie,36600
BMS_Nutzbare_EntladeEnergie,39630
BMS_Nutzbare_EntladeEnergie,57660
BMS_Nutzbare_EntladeEnergie,44350
BMS_Nutzbare_EntladeEnergie,43755
BMS_Nutzbare_EntladeEnergie,46715
BMS_Nutzbare_EntladeEnergie,55840
BMS_Nutzbare_EntladeEnergie,44415
BMS_Nutzbare_EntladeEnergie,41145
BMS_Nutzbare_EntladeEnergie,39790
BMS_Nutzbare_EntladeEnergie,36725
BMS_Nutzbare_EntladeEnergie,44835
BMS_Nutzbare_EntladeEnergie,23805
BMS_Nutzbare_EntladeEnergie,39070
BMS_Nutzbare_EntladeEnergie,30990
BMS_Nutzbare_EntladeEnergie,51945
BMS_Nutzbare_EntladeEnergie,38115
BMS_Nutzbare_EntladeEnergie,47915
BMS_Nutzbare_EntladeEnergie,44785
BMS_Nutzbare_EntladeEnergie,53060
BMS_Nutzbare_EntladeEnergie,45030
BMS_Nutzbare_EntladeEnergie,45165
BMS_Nutzbare_EntladeEnergie,57610
BMS_Nutzbare_EntladeEnergie,44125
BMS_Nutzbare_EntladeEnergie,41465
BMS_Nutzbare_EntladeEnergie,37320
BMS_Nutzbare_EntladeEnergie,26010
BMS_Nutzbare_EntladeEnergie,41505
BMS_Nutzbare_EntladeEnergie,36620
BMS_Nutzbare_EntladeEnergie,50600
BMS_Nutzbare_EntladeEnergie,44155
BMS_Nutzbare_EntladeEnergie,44405
BMS_Nutzbare_EntladeEnergie,53470
BMS_Nutzbare_EntladeEnergie,48760
BMS_Nutzbare_EntladeEnergie,44015
BMS_Nutzbare_EntladeEnergie,31225
BMS_Nutzbare_EntladeEnergie,45120
BMS_Nutzbare_EntladeEnergie,44505
BMS_Nutzbare_EntladeEnergie,46000
BMS_Nutzbare_EntladeEnergie,39590
BMS_Nutzbare_EntladeEnergie,45135
BMS_Nutzbare_EntladeEnergie,46055
BMS_Nutzbare_EntladeEnergie,47480
BMS_Nutzbare_EntladeEnergie,52340
BMS_Nutzbare_EntladeEnergie,37660
BMS_Nutzbare_EntladeEnergie,53255
BMS_Nutzbare_EntladeEnergie,52100
BMS_Nutzbare_EntladeEnergie,52225
BMS_Nutzbare_EntladeEnergie,45935
BMS_Nutzbare_EntladeEnergie,47685
BMS_Nutzbare_EntladeEnergie,47640
BMS_Nutzbare_EntladeEnergie,41245
BMS_Nutzbare_EntladeEnergie,30780
BMS_Nutzbare_EntladeEnergie,44005
BMS_Nutzbare_EntladeEnergie,30555
BMS_Nutzbare_EntladeEnergie,57740
BMS_Nutzbare_EntladeEnergie,44315
BMS_Nutzbare_EntladeEnergie,55965
BMS_Nutzbare_EntladeEnergie,56590
BMS_Nutzbare_EntladeEnergie,53020
BMS_Nutzbare_EntladeEnergie,55635
BMS_Nutzbare_EntladeEnergie,52645
BMS_Nutzbare_EntladeEnergie,38465
BMS_Nutzbare_EntladeEnergie,45790
BMS_Nutzbare_EntladeEnergie,45080
BMS_Nutzbare_EntladeEnergie,26810
BMS_Nutzbare_EntladeEnergie,44935
BMS_Nutzbare_EntladeEnergie,44500
BMS_Nutzbare_EntladeEnergie,29945
BMS_Nutzbare_EntladeEnergie,55810
BMS_Nutzbare_EntladeEnergie,47265
BMS_Nutzbare_EntladeEnergie,39780
BMS_Nutzbare_EntladeEnergie,41065
BMS_Nutzbare_EntladeEnergie,53260
BMS_Nutzbare_EntladeEnergie,45835
BMS_Nutzbare_EntladeEnergie,39805
BMS_Nutzbare_EntladeEnergie,37460
BMS_Nutzbare_EntladeEnergie,26355
BMS_Nutzbare_EntladeEnergie,55895
BMS_Nutzbare_EntladeEnergie,52680
BMS_Nutzbare_EntladeEnergie,57800
BMS_Nutzbare_EntladeEnergie,52510
BMS_Nutzbare_EntladeEnergie,30845
BMS_Nutzbare_EntladeEnergie,47660
BMS_Nutzbare_EntladeEnergie,46840
BMS_Nutzbare_EntladeEnergie,30445
BMS_Nutzbare_EntladeEnergie,36055
BMS_Nutzbare_EntladeEnergie,57705
BMS_Nutzbare_EntladeEnergie,39950
BMS_Nutzbare_EntladeEnergie,44180
BMS_Nutzbare_EntladeEnergie,55870
BMS_Nutzbare_EntladeEnergie,36365
BMS_Nutzbare_EntladeEnergie,53405
BMS_Nutzbare_EntladeEnergie,26955
BMS_Nutzbare_EntladeEnergie,57595
BMS_Nutzbare_EntladeEnergie,27370
BMS_Nutzbare_EntladeEnergie,26025
BMS_Nutzbare_EntladeEnergie,24165
BMS_Nutzbare_EntladeEnergie,56515
BMS_Nutzbare_EntladeEnergie,46960
BMS_Nutzbare_EntladeEnergie,57900
BMS_Nutzbare_EntladeEnergie,53785
BMS_Nutzbare_EntladeEnergie,29935
BMS_Nutzbare_EntladeEnergie,47615
BMS_Nutzbare_EntladeEnergie,36535
BMS_Nutzbare_EntladeEnergie,48985
BMS_Nutzbare_EntladeEnergie,38215
BMS_Nutzbare_EntladeEnergie,52130
BMS_Nutzbare_EntladeEnergie,39650
BMS_Nutzbare_EntladeEnergie,46800
BMS_Nutzbare_EntladeEnergie,48775
BMS_Nutzbare_EntladeEnergie,51910
BMS_Nutzbare_EntladeEnergie,25040
BMS_Nutzbare_EntladeEnergie,38005
BMS_Nutzbare_EntladeEnergie,47275
BMS_Nutzbare_EntladeEnergie,47730
BMS_Nutzbare_EntladeEnergie,47070
BMS_Nutzbare_EntladeEnergie,44585
BMS_Nutzbare_EntladeEnergie,26280
BMS_Nutzbare_EntladeEnergie,56460
BMS_Nutzbare_EntladeEnergie,44990
BMS_Nutzbare_EntladeEnergie,44340
BMS_Nutzbare_EntladeEnergie,50660
BMS_Nutzbare_EntladeEnergie,40215
BMS_Nutzbare_EntladeEnergie,40060
BMS_Nutzbare_EntladeEnergie,44120
BMS_Nutzbare_EntladeEnergie,40010
BMS_Nutzbare_EntladeEnergie,39775
BMS_Nutzbare_EntladeEnergie,57240
BMS_Nutzbare_EntladeEnergie,24210
BMS_Nutzbare_EntladeEnergie,28370
BMS_Nutzbare_EntladeEnergie,37710
BMS_Nutzbare_EntladeEnergie,41700
BMS_Nutzbare_EntladeEnergie,58010
BMS_Nutzbare_EntladeEnergie,41655
BMS_Nutzbare_EntladeEnergie,30620
BMS_Nutzbare_EntladeEnergie,30550
BMS_Nutzbare_EntladeEnergie,30755
BMS_Nutzbare_EntladeEnergie,26755
BMS_Nutzbare_EntladeEnergie,24230
BMS_Nutzbare_EntladeEnergie,30010
BMS_Nutzbare_EntladeEnergie,46365
BMS_Nutzbare_EntladeEnergie,24190
BMS_Nutzbare_EntladeEnergie,28475
BMS_Nutzbare_EntladeEnergie,52310
BMS_Nutzbare_EntladeEnergie,50535
BMS_Nutzbare_EntladeEnergie,27390
BMS_Nutzbare_EntladeEnergie,46870
BMS_Nutzbare_EntladeEnergie,30100
BMS_Nutzbare_EntladeEnergie,31550
BMS_Nutzbare_EntladeEnergie,53445
BMS_Nutzbare_EntladeEnergie,47010
BMS_Nutzbare_EntladeEnergie,46675
BMS_Nutzbare_EntladeEnergie,52145
BMS_Nutzbare_EntladeEnergie,45190
BMS_Nutzbare_EntladeEnergie,45000
BMS_Nutzbare_EntladeEnergie,26790
BMS_Nutzbare_EntladeEnergie,30435
BMS_Nutzbare_EntladeEnergie,36790
BMS_Nutzbare_EntladeEnergie,41630
BMS_Nutzbare_EntladeEnergie,45985
BMS_Nutzbare_EntladeEnergie,38175
BMS_Nutzbare_EntladeEnergie,46500
BMS_Nutzbare_EntladeEnergie,53435
BMS_Nutzbare_EntladeEnergie,37955
BMS_Nutzbare_EntladeEnergie,31350
BMS_Nutzbare_EntladeEnergie,38140
BMS_Nutzbare_EntladeEnergie,46725
BMS_Nutzbare_EntladeEnergie,48925
BMS_Nutzbare_EntladeEnergie,30540
BMS_Nutzbare_EntladeEnergie,47720
BMS_Nutzbare_EntladeEnergie,44280
BMS_Nutzbare_EntladeEnergie,57275
BMS_Nutzbare_EntladeEnergie,53895
BMS_Nutzbare_EntladeEnergie,44395
BMS_Nutzbare_EntladeEnergie,43845
BMS_Nutzbare_EntladeEnergie,52440
BMS_Nutzbare_EntladeEnergie,27380
BMS_Nutzbare_EntladeEnergie,53620
BMS_Nutzbare_EntladeEnergie,45775
BMS_Nutzbare_EntladeEnergie,45755
BMS_Nutzbare_EntladeEnergie,27350
BMS_Nutzbare_EntladeEnergie,39900
BMS_Nutzbare_EntladeEnergie,40150
BMS_Nutzbare_EntladeEnergie,23780
BMS_Nutzbare_EntladeEnergie,39160
BMS_Nutzbare_EntladeEnergie,45890
BMS_Nutzbare_EntladeEnergie,39990
BMS_Nutzbare_EntladeEnergie,55885
BMS_Nutzbare_EntladeEnergie,41800
BMS_Nutzbare_EntladeEnergie,50595
BMS_Nutzbare_EntladeEnergie,53775
BMS_Nutzbare_EntladeEnergie,56505
BMS_Nutzbare_EntladeEnergie,44625
BMS_Nutzbare_EntladeEnergie,50635
BMS_Nutzbare_EntladeEnergie,41175
BMS_Nutzbare_EntladeEnergie,45180
BMS_Nutzbare_EntladeEnergie,39655
BMS_Nutzbare_EntladeEnergie,52375
BMS_Nutzbare_EntladeEnergie,48340
BMS_Nutzbare_EntladeEnergie,30720
BMS_Nutzbare_EntladeEnergie,30660
BMS_Nutzbare_EntladeEnergie,43730
BMS_Nutzbare_EntladeEnergie,30640
BMS_Nutzbare_EntladeEnergie,46685
BMS_Nutzbare_EntladeEnergie,58330
BMS_Nutzbare_EntladeEnergie,48400
BMS_Nutzbare_EntladeEnergie,53425
BMS_Nutzbare_EntladeEnergie,54015
BMS_Nutzbare_EntladeEnergie,50610
BMS_Nutzbare_EntladeEnergie,44425
BMS_Nutzbare_EntladeEnergie,31450
BMS_Nutzbare_EntladeEnergie,28620
BMS_Nutzbare_EntladeEnergie,29830
BMS_Nutzbare_EntladeEnergie,37795
BMS_Nutzbare_EntladeEnergie,39765
BMS_Nutzbare_EntladeEnergie,58180
BMS_Nutzbare_EntladeEnergie,31265
BMS_Nutzbare_EntladeEnergie,45185
BMS_Nutzbare_EntladeEnergie,53855
BMS_Nutzbare_EntladeEnergie,45995
BMS_Nutzbare_EntladeEnergie,26335
BMS_Nutzbare_EntladeEnergie,44730
BMS_Nutzbare_EntladeEnergie,27005
BMS_Nutzbare_EntladeEnergie,53480
BMS_Nutzbare_EntladeEnergie,23625
BMS_Nutzbare_EntladeEnergie,24420
BMS_Nutzbare_EntladeEnergie,57820
BMS_Nutzbare_EntladeEnergie,44985
BMS_Nutzbare_EntladeEnergie,23850
BMS_Nutzbare_EntladeEnergie,31595
BMS_Nutzbare_EntladeEnergie,44925
BMS_Nutzbare_EntladeEnergie,48650
BMS_Nutzbare_EntladeEnergie,46810
BMS_Nutzbare_EntladeEnergie,26455
BMS_Nutzbare_EntladeEnergie,31730
BMS_Nutzbare_EntladeEnergie,43815
BMS_Nutzbare_EntladeEnergie,31380
BMS_Nutzbare_EntladeEnergie,29525
BMS_Nutzbare_EntladeEnergie,30575
BMS_Nutzbare_EntladeEnergie,36925
BMS_Nutzbare_EntladeEnergie,26155
BMS_Nutzbare_EntladeEnergie,40190
BMS_Nutzbare_EntladeEnergie,54095
BMS_Nutzbare_EntladeEnergie,50680
BMS_Nutzbare_EntladeEnergie,44430
BMS_Nutzbare_EntladeEnergie,51855
BMS_Nutzbare_EntladeEnergie,37395
BMS_Nutzbare_EntladeEnergie,44165
BMS_Nutzbare_EntladeEnergie,26610
BMS_Nutzbare_EntladeEnergie,44325
BMS_Nutzbare_EntladeEnergie,25950
BMS_Nutzbare_EntladeEnergie,44185
BMS_Nutzbare_EntladeEnergie,53880
BMS_Nutzbare_EntladeEnergie,36705
BMS_Nutzbare_EntladeEnergie,53280
BMS_Nutzbare_EntladeEnergie,48070
BMS_Nutzbare_EntladeEnergie,48010
BMS_Nutzbare_EntladeEnergie,46070
BMS_Nutzbare_EntladeEnergie,56470
BMS_Nutzbare_EntladeEnergie,53080
BMS_Nutzbare_EntladeEnergie,44830
BMS_Nutzbare_EntladeEnergie,31530
BMS_Nutzbare_EntladeEnergie,26545
BMS_Nutzbare_EntladeEnergie,29920
BMS_Nutzbare_EntladeEnergie,30220
BMS_Nutzbare_EntladeEnergie,45025
BMS_Nutzbare_EntladeEnergie,39285
BMS_Nutzbare_EntladeEnergie,48405
BMS_Nutzbare_EntladeEnergie,36805
BMS_Nutzbare_EntladeEnergie,49095
BMS_Nutzbare_EntladeEnergie,44375
BMS_Nutzbare_EntladeEnergie,26505
BMS_Nutzbare_EntladeEnergie,30715
BMS_Nutzbare_EntladeEnergie,26290
BMS_Nutzbare_EntladeEnergie,52160
BMS_Nutzbare_EntladeEnergie,47400
BMS_Nutzbare_EntladeEnergie,31160
BMS_Nutzbare_EntladeEnergie,53325
BMS_Nutzbare_EntladeEnergie,37150
BMS_Nutzbare_EntladeEnergie,44255
BMS_Nutzbare_EntladeEnergie,36405
BMS_Nutzbare_EntladeEnergie,24205
BMS_Nutzbare_EntladeEnergie,44035
BMS_Nutzbare_EntladeEnergie,44975
BMS_Nutzbare_EntladeEnergie,47210
BMS_Nutzbare_EntladeEnergie,53505
BMS_Nutzbare_EntladeEnergie,41100
BMS_Nutzbare_EntladeEnergie,46850
BMS_Nutzbare_EntladeEnergie,23660
BMS_Nutzbare_EntladeEnergie,47250
BMS_Nutzbare_EntladeEnergie,41600
BMS_Nutzbare_EntladeEnergie,37575
BMS_Nutzbare_EntladeEnergie,37235
BMS_Nutzbare_EntladeEnergie,53790
BMS_Nutzbare_EntladeEnergie,48000
BMS_Nutzbare_EntladeEnergie,53160
BMS_Nutzbare_EntladeEnergie,43775
BMS_Nutzbare_EntladeEnergie,57835
BMS_Nutzbare_EntladeEnergie,39930
BMS_Nutzbare_EntladeEnergie,52275
BMS_Nutzbare_EntladeEnergie,53385
BMS_Nutzbare_EntladeEnergie,44000
BMS_Nutzbare_EntladeEnergie,47395
BMS_Nutzbare_EntladeEnergie,41475
BMS_Nutzbare_EntladeEnergie,46225
BMS_Nutzbare_EntladeEnergie,44515
BMS_Nutzbare_EntladeEnergie,44760
BMS_Nutzbare_EntladeEnergie,30475
BMS_Nutzbare_EntladeEnergie,46740
BMS_Nutzbare_EntladeEnergie,29555
BMS_Nutzbare_EntladeEnergie,41110
BMS_Nutzbare_EntladeEnergie,47490
BMS_Nutzbare_EntladeEnergie,26400
BMS_Nutzbare_EntladeEnergie,46315
BMS_Nutzbare_EntladeEnergie,57145
BMS_Nutzbare_EntladeEnergie,55945
BMS_Nutzbare_EntladeEnergie,45960
BMS_Nutzbare_EntladeEnergie,50625
BMS_Nutzbare_EntladeEnergie,52095
BMS_Nutzbare_EntladeEnergie,45970
BMS_Nutzbare_EntladeEnergie,26450
BMS_Nutzbare_EntladeEnergie,37160
BMS_Nutzbare_EntladeEnergie,51990
BMS_Nutzbare_EntladeEnergie,39865
BMS_Nutzbare_EntladeEnergie,26530
BMS_Nutzbare_EntladeEnergie,44610
BMS_Nutzbare_EntladeEnergie,44070
BMS_Nutzbare_EntladeEnergie,39625
BMS_Nutzbare_EntladeEnergie,26315
BMS_Nutzbare_EntladeEnergie,57925
BMS_Nutzbare_EntladeEnergie,48565
BMS_Nutzbare_EntladeEnergie,53945
BMS_Nutzbare_EntladeEnergie,57155
BMS_Nutzbare_EntladeEnergie,53095
BMS_Nutzbare_EntladeEnergie,56050
BMS_Nutzbare_EntladeEnergie,46035
BMS_Nutzbare_EntladeEnergie,44230
BMS_Nutzbare_EntladeEnergie,55875
BMS_Nutzbare_EntladeEnergie,39760
BMS_Nutzbare_EntladeEnergie,31605
BMS_Nutzbare_EntladeEnergie,30615
BMS_Nutzbare_EntladeEnergie,44705
BMS_Nutzbare_EntladeEnergie,46445
BMS_Nutzbare_EntladeEnergie,38125
BMS_Nutzbare_EntladeEnergie,37245
BMS_Nutzbare_EntladeEnergie,50615
BMS_Nutzbare_EntladeEnergie,36785
BMS_Nutzbare_EntladeEnergie,37855
BMS_Nutzbare_EntladeEnergie,44085
BMS_Nutzbare_EntladeEnergie,53370
BMS_Nutzbare_EntladeEnergie,43790
BMS_Nutzbare_EntladeEnergie,38090
BMS_Nutzbare_EntladeEnergie,58205
BMS_Nutzbare_EntladeEnergie,39855
BMS_Nutzbare_EntladeEnergie,39890
BMS_Nutzbare_EntladeEnergie,54005
BMS_Nutzbare_EntladeEnergie,30810
BMS_Nutzbare_EntladeEnergie,51930
BMS_Nutzbare_EntladeEnergie,53920
BMS_Nutzbare_EntladeEnergie,48910
BMS_Nutzbare_EntladeEnergie,29865
BMS_Nutzbare_EntladeEnergie,46690
BMS_Nutzbare_EntladeEnergie,56480
BMS_Nutzbare_EntladeEnergie,38965
BMS_Nutzbare_EntladeEnergie,45785
BMS_Nutzbare_EntladeEnergie,31315
BMS_Nutzbare_EntladeEnergie,31300
BMS_Nutzbare_EntladeEnergie,39575
BMS_Nutzbare_EntladeEnergie,43690
BMS_Nutzbare_EntladeEnergie,30085
BMS_Nutzbare_EntladeEnergie,25975
BMS_Nutzbare_EntladeEnergie,37675
BMS_Nutzbare_EntladeEnergie,45925
BMS_Nutzbare_EntladeEnergie,36595
BMS_Nutzbare_EntladeEnergie,45050
BMS_Nutzbare_EntladeEnergie,55900
BMS_Nutzbare_EntladeEnergie,23870
BMS_Nutzbare_EntladeEnergie,44285
BMS_Nutzbare_EntladeEnergie,44160
BMS_Nutzbare_EntladeEnergie,38020
BMS_Nutzbare_EntladeEnergie,53010
BMS_Nutzbare_EntladeEnergie,48890
BMS_Nutzbare_EntladeEnergie,53820
BMS_Nutzbare_EntladeEnergie,44290
BMS_Nutzbare_EntladeEnergie,26485
BMS_Nutzbare_EntladeEnergie,29560
BMS_Nutzbare_EntladeEnergie,44440
BMS_Nutzbare_EntladeEnergie,44930
BMS_Nutzbare_EntladeEnergie,41390
BMS_Nutzbare_EntladeEnergie,43940
BMS_Nutzbare_EntladeEnergie,31515
BMS_Nutzbare_EntladeEnergie,55930
BMS_Nutzbare_EntladeEnergie,26145
BMS_Nutzbare_EntladeEnergie,25930
BMS_Nutzbare_EntladeEnergie,44575
BMS_Nutzbare_EntladeEnergie,26820
BMS_Nutzbare_EntladeEnergie,46835
BMS_Nutzbare_EntladeEnergie,41445
BMS_Nutzbare_EntladeEnergie,48250
BMS_Nutzbare_EntladeEnergie,43705
BMS_Nutzbare_EntladeEnergie,41295
BMS_Nutzbare_EntladeEnergie,27365
BMS_Nutzbare_EntladeEnergie,23670
BMS_Nutzbare_EntladeEnergie,30405
BMS_Nutzbare_EntladeEnergie,29815
BMS_Nutzbare_EntladeEnergie,57965
BMS_Nutzbare_EntladeEnergie,44565
BMS_Nutzbare_EntladeEnergie,47445
BMS_Nutzbare_EntladeEnergie,24365
BMS_Nutzbare_EntladeEnergie,27085
BMS_Nutzbare_EntladeEnergie,39850
BMS_Nutzbare_EntladeEnergie,51980
BMS_Nutzbare_EntladeEnergie,26845
BMS_Nutzbare_EntladeEnergie,57855
BMS_Nutzbare_EntladeEnergie,53845
BMS_Nutzbare_EntladeEnergie,37445
BMS_Nutzbare_EntladeEnergie,44895
BMS_Nutzbare_EntladeEnergie,53395
BMS_Nutzbare_EntladeEnergie,31500
BMS_Nutzbare_EntladeEnergie,28350
BMS_Nutzbare_EntladeEnergie,31095
BMS_Nutzbare_EntladeEnergie,47630
BMS_Nutzbare_EntladeEnergie,30090
BMS_Nutzbare_EntladeEnergie,44805
BMS_Nutzbare_EntladeEnergie,39735
BMS_Nutzbare_EntladeEnergie,37700
BMS_Nutzbare_EntladeEnergie,40100
BMS_Nutzbare_EntladeEnergie,53815
BMS_Nutzbare_EntladeEnergie,48190
BMS_Nutzbare_EntladeEnergie,53890
BMS_Nutzbare_EntladeEnergie,41125
BMS_Nutzbare_EntladeEnergie,47105
BMS_Nutzbare_EntladeEnergie,47580
BMS_Nutzbare_EntladeEnergie,46735
BMS_Nutzbare_EntladeEnergie,49865
BMS_Nutzbare_EntladeEnergie,43725
BMS_Nutzbare_EntladeEnergie,53930
BMS_Nutzbare_EntladeEnergie,44960
BMS_Nutzbare_EntladeEnergie,31570
BMS_Nutzbare_EntladeEnergie,48735
BMS_Nutzbare_EntladeEnergie,57175
BMS_Nutzbare_EntladeEnergie,30690
BMS_Nutzbare_EntladeEnergie,44800
BMS_Nutzbare_EntladeEnergie,30265
BMS_Nutzbare_EntladeEnergie,41405
BMS_Nutzbare_EntladeEnergie,50135
BMS_Nutzbare_EntladeEnergie,47390
BMS_Nutzbare_EntladeEnergie,39905
BMS_Nutzbare_EntladeEnergie,30835
BMS_Nutzbare_EntladeEnergie,46080
BMS_Nutzbare_EntladeEnergie,52135
BMS_Nutzbare_EntladeEnergie,24005
BMS_Nutzbare_EntladeEnergie,43820
BMS_Nutzbare_EntladeEnergie,48245
BMS_Nutzbare_EntladeEnergie,49840
BMS_Nutzbare_EntladeEnergie,37500
BMS_Nutzbare_EntladeEnergie,31390
BMS_Nutzbare_EntladeEnergie,23845
BMS_Nutzbare_EntladeEnergie,57150
BMS_Nutzbare_EntladeEnergie,52120
BMS_Nutzbare_EntladeEnergie,53795
BMS_Nutzbare_EntladeEnergie,45235
BMS_Nutzbare_EntladeEnergie,23635
BMS_Nutzbare_EntladeEnergie,51845
BMS_Nutzbare_EntladeEnergie,39875
BMS_Nutzbare_EntladeEnergie,51870
BMS_Nutzbare_EntladeEnergie,37050
BMS_Nutzbare_EntladeEnergie,39680
BMS_Nutzbare_EntladeEnergie,46560
BMS_Nutzbare_EntladeEnergie,31085
BMS_Nutzbare_EntladeEnergie,53005
BMS_Nutzbare_EntladeEnergie,53120
BMS_Nutzbare_EntladeEnergie,57115
BMS_Nutzbare_EntladeEnergie,53580
BMS_Nutzbare_EntladeEnergie,44520
BMS_Nutzbare_EntladeEnergie,39940
BMS_Nutzbare_EntladeEnergie,29725
BMS_Nutzbare_EntladeEnergie,40090
BMS_Nutzbare_EntladeEnergie,44110
BMS_Nutzbare_EntladeEnergie,48360
BMS_Nutzbare_EntladeEnergie,27335
BMS_Nutzbare_EntladeEnergie,39675
BMS_Nutzbare_EntladeEnergie,37040
BMS_Nutzbare_EntladeEnergie,50665
BMS_Nutzbare_EntladeEnergie,47425
BMS_Nutzbare_EntladeEnergie,28575
BMS_Nutzbare_EntladeEnergie,30675
BMS_Nutzbare_EntladeEnergie,48030
BMS_Nutzbare_EntladeEnergie,52700
BMS_Nutzbare_EntladeEnergie,29535
BMS_Nutzbare_EntladeEnergie,44555
BMS_Nutzbare_EntladeEnergie,44775
BMS_Nutzbare_EntladeEnergie,44790
BMS_Nutzbare_EntladeEnergie,57940
BMS_Nutzbare_EntladeEnergie,54020
BMS_Nutzbare_EntladeEnergie,24330
BMS_Nutzbare_EntladeEnergie,36505
BMS_Nutzbare_EntladeEnergie,45130
BMS_Nutzbare_EntladeEnergie,39825
BMS_Nutzbare_EntladeEnergie,24350
BMS_Nutzbare_EntladeEnergie,53335
BMS_Nutzbare_EntladeEnergie,26045
BMS_Nutzbare_EntladeEnergie,50290
BMS_Nutzbare_EntladeEnergie,46650
BMS_Nutzbare_EntladeEnergie,44940
BMS_Nutzbare_EntladeEnergie,36950
BMS_Nutzbare_EntladeEnergie,44220
BMS_Nutzbare_EntladeEnergie,41835
BMS_Nutzbare_EntladeEnergie,49215
BMS_Nutzbare_EntladeEnergie,26555
BMS_Nutzbare_EntladeEnergie,28510
BMS_Nutzbare_EntladeEnergie,44470
BMS_Nutzbare_EntladeEnergie,31005
BMS_Nutzbare_EntladeEnergie,41430
BMS_Nutzbare_EntladeEnergie,41555
BMS_Nutzbare_EntladeEnergie,50655
BMS_Nutzbare_EntladeEnergie,27260
BMS_Nutzbare_EntladeEnergie,48225
BMS_Nutzbare_EntladeEnergie,31540
BMS_Nutzbare_EntladeEnergie,44650
BMS_Nutzbare_EntladeEnergie,28515
BMS_Nutzbare_EntladeEnergie,51940
BMS_Nutzbare_EntladeEnergie,53915
BMS_Nutzbare_EntladeEnergie,44195
BMS_Nutzbare_EntladeEnergie,36975
BMS_Nutzbare_EntladeEnergie,44205
BMS_Nutzbare_EntladeEnergie,24255
BMS_Nutzbare_EntladeEnergie,37715
BMS_Nutzbare_EntladeEnergie,45110
BMS_Nutzbare_EntladeEnergie,23795
BMS_Nutzbare_EntladeEnergie,43830
BMS_Nutzbare_EntladeEnergie,29980
BMS_Nutzbare_EntladeEnergie,39235
BMS_Nutzbare_EntladeEnergie,56035
BMS_Nutzbare_EntladeEnergie,37905
BMS_Nutzbare_EntladeEnergie,39725
BMS_Nutzbare_EntladeEnergie,44095
BMS_Nutzbare_EntladeEnergie,30595
BMS_Nutzbare_EntladeEnergie,46350
BMS_Nutzbare_EntladeEnergie,46205
BMS_Nutzbare_EntladeEnergie,47205
BMS_Nutzbare_EntladeEnergie,55600
BMS_Nutzbare_EntladeEnergie,38520
BMS_Nutzbare_EntladeEnergie,36400
BMS_Nutzbare_EntladeEnergie,43665
BMS_Nutzbare_EntladeEnergie,30030
BMS_Nutzbare_EntladeEnergie,52215
BMS_Nutzbare_EntladeEnergie,29840
BMS_Nutzbare_EntladeEnergie,24220
BMS_Nutzbare_EntladeEnergie,25440
BMS_Nutzbare_EntladeEnergie,39800
BMS_Nutzbare_EntladeEnergie,41415
BMS_Nutzbare_EntladeEnergie,30665
BMS_Nutzbare_EntladeEnergie,41565
BMS_Nutzbare_EntladeEnergie,56925
BMS_Nutzbare_EntladeEnergie,55915
BMS_Nutzbare_EntladeEnergie,52295
BMS_Nutzbare_EntladeEnergie,58150
BMS_Nutzbare_EntladeEnergie,57690
BMS_Nutzbare_EntladeEnergie,46275
BMS_Nutzbare_EntladeEnergie,48390
BMS_Nutzbare_EntladeEnergie,41675
BMS_Nutzbare_EntladeEnergie,27275
BMS_Nutzbare_EntladeEnergie,55725
BMS_Nutzbare_EntladeEnergie,55765
BMS_Nutzbare_EntladeEnergie,23915
BMS_Nutzbare_EntladeEnergie,29790
BMS_Nutzbare_EntladeEnergie,43950
BMS_Nutzbare_EntladeEnergie,56950
BMS_Nutzbare_EntladeEnergie,51825
BMS_Nutzbare_EntladeEnergie,36555
BMS_Nutzbare_EntladeEnergie,44920
BMS_Nutzbare_EntladeEnergie,52670
BMS_Nutzbare_EntladeEnergie,26570
BMS_Nutzbare_EntladeEnergie,52545
BMS_Nutzbare_EntladeEnergie,26660
BMS_Nutzbare_EntladeEnergie,44295
BMS_Nutzbare_EntladeEnergie,44090
BMS_Nutzbare_EntladeEnergie,45055
BMS_Nutzbare_EntladeEnergie,40155
BMS_Nutzbare_EntladeEnergie,45140
BMS_Nutzbare_EntladeEnergie,44950
BMS_Nutzbare_EntladeEnergie,47050
BMS_Nutzbare_EntladeEnergie,43780
BMS_Nutzbare_EntladeEnergie,52435
BMS_Nutzbare_EntladeEnergie,38495
BMS_Nutzbare_EntladeEnergie,45100
BMS_Nutzbare_EntladeEnergie,58155
BMS_Nutzbare_EntladeEnergie,30590
BMS_Nutzbare_EntladeEnergie,24245
BMS_Nutzbare_EntladeEnergie,26595
BMS_Nutzbare_EntladeEnergie,48210
BMS_Nutzbare_EntladeEnergie,53555
BMS_Nutzbare_EntladeEnergie,55920
BMS_Nutzbare_EntladeEnergie,57160
BMS_Nutzbare_EntladeEnergie,47195
BMS_Nutzbare_EntladeEnergie,46075
BMS_Nutzbare_EntladeEnergie,28390
BMS_Nutzbare_EntladeEnergie,40280
BMS_Nutzbare_EntladeEnergie,52635
BMS_Nutzbare_EntladeEnergie,45900
BMS_Nutzbare_EntladeEnergie,31615
BMS_Nutzbare_EntladeEnergie,46410
BMS_Nutzbare_EntladeEnergie,46570
BMS_Nutzbare_EntladeEnergie,53570
BMS_Nutzbare_EntladeEnergie,46525
BMS_Nutzbare_EntladeEnergie,29455
BMS_Nutzbare_EntladeEnergie,43745
BMS_Nutzbare_EntladeEnergie,55695
BMS_Nutzbare_EntladeEnergie,41010
BMS_Nutzbare_EntladeEnergie,40230
BMS_Nutzbare_EntladeEnergie,48830
BMS_Nutzbare_EntladeEnergie,51865
BMS_Nutzbare_EntladeEnergie,53275
BMS_Nutzbare_EntladeEnergie,26700
BMS_Nutzbare_EntladeEnergie,31475
BMS_Nutzbare_EntladeEnergie,53780
BMS_Nutzbare_EntladeEnergie,48915
BMS_Nutzbare_EntladeEnergie,23740
BMS_Nutzbare_EntladeEnergie,58085
BMS_Nutzbare_EntladeEnergie,36220
BMS_Nutzbare_EntladeEnergie,46615
BMS_Nutzbare_EntladeEnergie,26560
BMS_Nutzbare_EntladeEnergie,26650
BMS_Nutzbare_EntladeEnergie,36510
BMS_Nutzbare_EntladeEnergie,23990
BMS_Nutzbare_EntladeEnergie,39985
BMS_Nutzbare_EntladeEnergie,53755
BMS_Nutzbare_EntladeEnergie,43965
BMS_Nutzbare_EntladeEnergie,44535
BMS_Nutzbare_EntladeEnergie,37945
BMS_Nutzbare_EntladeEnergie,58305
BMS_Nutzbare_EntladeEnergie,56540
BMS_Nutzbare_EntladeEnergie,37310
BMS_Nutzbare_EntladeEnergie,44690
BMS_Nutzbare_EntladeEnergie,41615
BMS_Nutzbare_EntladeEnergie,41750
BMS_Nutzbare_EntladeEnergie,49150
BMS_Nutzbare_EntladeEnergie,44665
BMS_Nutzbare_EntladeEnergie,45200
BMS_Nutzbare_EntladeEnergie,44840
BMS_Nutzbare_EntladeEnergie,44175
BMS_Nutzbare_EntladeEnergie,57755
BMS_Nutzbare_EntladeEnergie,53545
BMS_Nutzbare_EntladeEnergie,55720
BMS_Nutzbare_EntladeEnergie,46285
BMS_Nutzbare_EntladeEnergie,36440
BMS_Nutzbare_EntladeEnergie,30645
BMS_Nutzbare_EntladeEnergie,41085
BMS_Nutzbare_EntladeEnergie,43910
BMS_Nutzbare_EntladeEnergie,48265
BMS_Nutzbare_EntladeEnergie,45875
BMS_Nutzbare_EntladeEnergie,45780
BMS_Nutzbare_EntladeEnergie,48870
BMS_Nutzbare_EntladeEnergie,36035
BMS_Nutzbare_EntladeEnergie,50700
BMS_Nutzbare_EntladeEnergie,41850
BMS_Nutzbare_EntladeEnergie,46575
BMS_Nutzbare_EntladeEnergie,28485
BMS_Nutzbare_EntladeEnergie,41765
BMS_Nutzbare_EntladeEnergie,23790
BMS_Nutzbare_EntladeEnergie,35125
BMS_Nutzbare_EntladeEnergie,46340
BMS_Nutzbare_EntladeEnergie,56025
BMS_Nutzbare_EntladeEnergie,41025
BMS_Nutzbare_EntladeEnergie,37360
BMS_Nutzbare_EntladeEnergie,53635
BMS_Nutzbare_EntladeEnergie,30430
BMS_Nutzbare_EntladeEnergie,51835
BMS_Nutzbare_EntladeEnergie,46380
BMS_Nutzbare_EntladeEnergie,26870
BMS_Nutzbare_EntladeEnergie,38995
BMS_Nutzbare_EntladeEnergie,25180
BMS_Nutzbare_EntladeEnergie,44385
BMS_Nutzbare_EntladeEnergie,46250
BMS_Nutzbare_EntladeEnergie,46325
BMS_Nutzbare_EntladeEnergie,36210
BMS_Nutzbare_EntladeEnergie,27295
BMS_Nutzbare_EntladeEnergie,48570
BMS_Nutzbare_EntladeEnergie,54085
BMS_Nutzbare_EntladeEnergie,37635
BMS_Nutzbare_EntladeEnergie,30355
BMS_Nutzbare_EntladeEnergie,44390
BMS_Nutzbare_EntladeEnergie,53315
BMS_Nutzbare_EntladeEnergie,31055
BMS_Nutzbare_EntladeEnergie,50220
BMS_Nutzbare_EntladeEnergie,41005
BMS_Nutzbare_EntladeEnergie,26435
BMS_Nutzbare_EntladeEnergie,53085
BMS_Nutzbare_EntladeEnergie,31305
BMS_Nutzbare_EntladeEnergie,30945
BMS_Nutzbare_EntladeEnergie,55655
BMS_Nutzbare_EntladeEnergie,44115
BMS_Nutzbare_EntladeEnergie,55940
BMS_Nutzbare_EntladeEnergie,46320
BMS_Nutzbare_EntladeEnergie,48815
BMS_Nutzbare_EntladeEnergie,50270
BMS_Nutzbare_EntladeEnergie,45005
BMS_Nutzbare_EntladeEnergie,45225
BMS_Nutzbare_EntladeEnergie,36670
BMS_Nutzbare_EntladeEnergie,41170
BMS_Nutzbare_EntladeEnergie,29625
BMS_Nutzbare_EntladeEnergie,56945
BMS_Nutzbare_EntladeEnergie,23715
BMS_Nutzbare_EntladeEnergie,39665
BMS_Nutzbare_EntladeEnergie,48895
BMS_Nutzbare_EntladeEnergie,53595
BMS_Nutzbare_EntladeEnergie,47590
BMS_Nutzbare_EntladeEnergie,47525
BMS_Nutzbare_EntladeEnergie,47170
BMS_Nutzbare_EntladeEnergie,46300
BMS_Nutzbare_EntladeEnergie,37070
BMS_Nutzbare_EntladeEnergie,40050
BMS_Nutzbare_EntladeEnergie,53770
BMS_Nutzbare_EntladeEnergie,46785
BMS_Nutzbare_EntladeEnergie,31675
BMS_Nutzbare_EntladeEnergie,43990
BMS_Nutzbare_EntladeEnergie,26615
BMS_Nutzbare_EntladeEnergie,46795
BMS_Nutzbare_EntladeEnergie,45015
BMS_Nutzbare_EntladeEnergie,57290
BMS_Nutzbare_EntladeEnergie,36235
BMS_Nutzbare_EntladeEnergie,53740
BMS_Nutzbare_EntladeEnergie,47605
BMS_Nutzbare_EntladeEnergie,41870
BMS_Nutzbare_EntladeEnergie,39960
BMS_Nutzbare_EntladeEnergie,38800
BMS_Nutzbare_EntladeEnergie,58280
BMS_Nutzbare_EntladeEnergie,44480
BMS_Nutzbare_EntladeEnergie,46875
BMS_Nutzbare_EntladeEnergie,40175
BMS_Nutzbare_EntladeEnergie,41200
BMS_Nutzbare_EntladeEnergie,31590
BMS_Nutzbare_EntladeEnergie,43685
BMS_Nutzbare_EntladeEnergie,39925
BMS_Nutzbare_EntladeEnergie,44400
BMS_Nutzbare_EntladeEnergie,47135
BMS_Nutzbare_EntladeEnergie,49080
BMS_Nutzbare_EntladeEnergie,44905
BMS_Nutzbare_EntladeEnergie,36980
BMS_Nutzbare_EntladeEnergie,31400
BMS_Nutzbare_EntladeEnergie,44955
BMS_Nutzbare_EntladeEnergie,53055
BMS_Nutzbare_EntladeEnergie,43855
BMS_Nutzbare_EntladeEnergie,53170
BMS_Nutzbare_EntladeEnergie,27355
BMS_Nutzbare_EntladeEnergie,55735
BMS_Nutzbare_EntladeEnergie,39965
BMS_Nutzbare_EntladeEnergie,55535
BMS_Nutzbare_EntladeEnergie,38065
BMS_Nutzbare_EntladeEnergie,43875
BMS_Nutzbare_EntladeEnergie,24235
BMS_Nutzbare_EntladeEnergie,37645
BMS_Nutzbare_EntladeEnergie,43805
BMS_Nutzbare_EntladeEnergie,43695
BMS_Nutzbare_EntladeEnergie,27040
BMS_Nutzbare_EntladeEnergie,41340
BMS_Nutzbare_EntladeEnergie,53590
BMS_Nutzbare_EntladeEnergie,39880
BMS_Nutzbare_EntladeEnergie,48710
BMS_Nutzbare_EntladeEnergie,35140
BMS_Nutzbare_EntladeEnergie,44655
BMS_Nutzbare_EntladeEnergie,48160
BMS_Nutzbare_EntladeEnergie,41195
BMS_Nutzbare_EntladeEnergie,30815
BMS_Nutzbare_EntladeEnergie,23675
BMS_Nutzbare_EntladeEnergie,56435
BMS_Nutzbare_EntladeEnergie,44525
BMS_Nutzbare_EntladeEnergie,52475
BMS_Nutzbare_EntladeEnergie,46020
BMS_Nutzbare_EntladeEnergie,39035
BMS_Nutzbare_EntladeEnergie,53310
BMS_Nutzbare_EntladeEnergie,26105
BMS_Nutzbare_EntladeEnergie,53585
BMS_Nutzbare_EntladeEnergie,44815
BMS_Nutzbare_EntladeEnergie,30830
BMS_Nutzbare_EntladeEnergie,36265
BMS_Nutzbare_EntladeEnergie,26035
BMS_Nutzbare_EntladeEnergie,46710
BMS_Nutzbare_EntladeEnergie,45035
BMS_Nutzbare_EntladeEnergie,41785
BMS_Nutzbare_EntladeEnergie,47465
BMS_Nutzbare_EntladeEnergie,44615
BMS_Nutzbare_EntladeEnergie,47505
BMS_Nutzbare_EntladeEnergie,44570
BMS_Nutzbare_EntladeEnergie,37115
BMS_Nutzbare_EntladeEnergie,47150
BMS_Nutzbare_EntladeEnergie,41315
BMS_Nutzbare_EntladeEnergie,52190
BMS_Nutzbare_EntladeEnergie,46865
BMS_Nutzbare_EntladeEnergie,36455
BMS_Nutzbare_EntladeEnergie,48045
BMS_Nutzbare_EntladeEnergie,47570
BMS_Nutzbare_EntladeEnergie,57095
BMS_Nutzbare_EntladeEnergie,31635
BMS_Nutzbare_EntladeEnergie,44880
BMS_Nutzbare_EntladeEnergie,53510
BMS_Nutzbare_EntladeEnergie,46435
BMS_Nutzbare_EntladeEnergie,43680
BMS_Nutzbare_EntladeEnergie,55615
BMS_Nutzbare_EntladeEnergie,37355
BMS_Nutzbare_EntladeEnergie,53070
BMS_Nutzbare_EntladeEnergie,52455
BMS_Nutzbare_EntladeEnergie,44495
BMS_Nutzbare_EntladeEnergie,53615
BMS_Nutzbare_EntladeEnergie,46495
BMS_Nutzbare_EntladeEnergie,26765
BMS_Nutzbare_EntladeEnergie,44870
BMS_Nutzbare_EntladeEnergie,36965
BMS_Nutzbare_EntladeEnergie,52390
BMS_Nutzbare_EntladeEnergie,26250
BMS_Nutzbare_EntladeEnergie,45920
BMS_Nutzbare_EntladeEnergie,24100
BMS_Nutzbare_EntladeEnergie,44060
BMS_Nutzbare_EntladeEnergie,30925
BMS_Nutzbare_EntladeEnergie,53420
BMS_Nutzbare_EntladeEnergie,41035
BMS_Nutzbare_EntladeEnergie,57130
BMS_Nutzbare_EntladeEnergie,53860
BMS_Nutzbare_EntladeEnergie,25800
BMS_Nutzbare_EntladeEnergie,37570
BMS_Nutzbare_EntladeEnergie,52690
BMS_Nutzbare_EntladeEnergie,43740
BMS_Nutzbare_EntladeEnergie,45020
BMS_Nutzbare_EntladeEnergie,56485
BMS_Nutzbare_EntladeEnergie,44380
BMS_Nutzbare_EntladeEnergie,41355
BMS_Nutzbare_EntladeEnergie,47350
BMS_Nutzbare_EntladeEnergie,27360
BMS_Nutzbare_EntladeEnergie,45765
BMS_Nutzbare_EntladeEnergie,43900
BMS_Nutzbare_EntladeEnergie,24150
BMS_Nutzbare_EntladeEnergie,36285
BMS_Nutzbare_EntladeEnergie,26090
BMS_Nutzbare_EntladeEnergie,57630
BMS_Nutzbare_EntladeEnergie,26175
BMS_Nutzbare_EntladeEnergie,44050
BMS_Nutzbare_EntladeEnergie,30530
BMS_Nutzbare_EntladeEnergie,30410
BMS_Nutzbare_EntladeEnergie,40250
BMS_Nutzbare_EntladeEnergie,31245
BMS_Nutzbare_EntladeEnergie,44075
BMS_Nutzbare_EntladeEnergie,30105
BMS_Nutzbare_EntladeEnergie,46010
BMS_Nutzbare_EntladeEnergie,38395
BMS_Nutzbare_EntladeEnergie,53680
BMS_Nutzbare_EntladeEnergie,53560
BMS_Nutzbare_EntladeEnergie,41715
BMS_Nutzbare_EntladeEnergie,37755
BMS_Nutzbare_EntladeEnergie,57775
BMS_Nutzbare_EntladeEnergie,53805
BMS_Nutzbare_EntladeEnergie,30065
BMS_Nutzbare_EntladeEnergie,44560
BMS_Nutzbare_EntladeEnergie,58115
BMS_Nutzbare_EntladeEnergie,44855
BMS_Nutzbare_EntladeEnergie,39750
BMS_Nutzbare_EntladeEnergie,29500
BMS_Nutzbare_EntladeEnergie,47160
BMS_Nutzbare_EntladeEnergie,44850
BMS_Nutzbare_EntladeEnergie,46065
BMS_Nutzbare_EntladeEnergie,40035
BMS_Nutzbare_EntladeEnergie,26620
BMS_Nutzbare_EntladeEnergie,41075
BMS_Nutzbare_EntladeEnergie,55640
BMS_Nutzbare_EntladeEnergie,41640
BMS_Nutzbare_EntladeEnergie,39840
BMS_Nutzbare_EntladeEnergie,57265
BMS_Nutzbare_EntladeEnergie,23965
BMS_Nutzbare_EntladeEnergie,46260
BMS_Nutzbare_EntladeEnergie,50640
BMS_Nutzbare_EntladeEnergie,38825
BMS_Nutzbare_EntladeEnergie,23930
BMS_Nutzbare_EntladeEnergie,53610
BMS_Nutzbare_EntladeEnergie,57225
BMS_Nutzbare_EntladeEnergie,41270
BMS_Nutzbare_EntladeEnergie,45175
BMS_Nutzbare_EntladeEnergie,26225
BMS_Nutzbare_EntladeEnergie,57230
BMS_Nutzbare_EntladeEnergie,53215
BMS_Nutzbare_EntladeEnergie,26635
BMS_Nutzbare_EntladeEnergie,43880
BMS_Nutzbare_EntladeEnergie,48955
BMS_Nutzbare_EntladeEnergie,30820
BMS_Nutzbare_EntladeEnergie,57215
BMS_Nutzbare_EntladeEnergie,27060
BMS_Nutzbare_EntladeEnergie,41250
BMS_Nutzbare_EntladeEnergie,30610
BMS_Nutzbare_EntladeEnergie,26200
BMS_Nutzbare_EntladeEnergie,53135
BMS_Nutzbare_EntladeEnergie,26720
BMS_Nutzbare_EntladeEnergie,44300
BMS_Nutzbare_EntladeEnergie,25130
BMS_Nutzbare_EntladeEnergie,31360
BMS_Nutzbare_EntladeEnergie,57880
BMS_Nutzbare_EntladeEnergie,55660
BMS_Nutzbare_EntladeEnergie,39715
BMS_Nutzbare_EntladeEnergie,41520
BMS_Nutzbare_EntladeEnergie,29515
BMS_Nutzbare_EntladeEnergie,39600
BMS_Nutzbare_EntladeEnergie,41135
BMS_Nutzbare_EntladeEnergie,31340
BMS_Nutzbare_EntladeEnergie,29530
BMS_Nutzbare_EntladeEnergie,26625
BMS_Nutzbare_EntladeEnergie,47000
BMS_Nutzbare_EntladeEnergie,40075
BMS_Nutzbare_EntladeEnergie,43720
BMS_Nutzbare_EntladeEnergie,30460
BMS_Nutzbare_EntladeEnergie,52465
BMS_Nutzbare_EntladeEnergie,36695
BMS_Nutzbare_EntladeEnergie,31330
BMS_Nutzbare_EntladeEnergie,47635
BMS_Nutzbare_EntladeEnergie,46975
BMS_Nutzbare_EntladeEnergie,57170
BMS_Nutzbare_EntladeEnergie,44860
BMS_Nutzbare_EntladeEnergie,26395
BMS_Nutzbare_EntladeEnergie,44595
BMS_Nutzbare_EntladeEnergie,43980
BMS_Nutzbare_EntladeEnergie,57305
BMS_Nutzbare_EntladeEnergie,58235
BMS_Nutzbare_EntladeEnergie,57105
BMS_Nutzbare_EntladeEnergie,26860
BMS_Nutzbare_EntladeEnergie,0
BMS_Nutzbare_EntladeEnergie,43715
BMS_Nutzbare_EntladeEnergie,52200
BMS_Nutzbare_EntladeEnergie,58345
BMS_Nutzbare_EntladeEnergie,30195
BMS_Nutzbare_EntladeEnergie,29875
BMS_Nutzbare_EntladeEnergie,30795
BMS_Nutzbare_EntladeEnergie,47500
BMS_Nutzbare_EntladeEnergie,30360
BMS_Nutzbare_EntladeEnergie,36850
BMS_Nutzbare_EntladeEnergie,30825
BMS_Nutzbare_EntladeEnergie,53535
BMS_Nutzbare_EntladeEnergie,30385
BMS_Nutzbare_EntladeEnergie,52650
BMS_Nutzbare_EntladeEnergie,53655
BMS_Nutzbare_EntladeEnergie,23900
BMS_Nutzbare_EntladeEnergie,24395
BMS_Nutzbare_EntladeEnergie,40265
BMS_Nutzbare_EntladeEnergie,55730
BMS_Nutzbare_EntladeEnergie,29985
BMS_Nutzbare_EntladeEnergie,48055
BMS_Nutzbare_EntladeEnergie,45010
BMS_Nutzbare_EntladeEnergie,52110
BMS_Nutzbare_EntladeEnergie,30565
BMS_Nutzbare_EntladeEnergie,43895
BMS_Nutzbare_EntladeEnergie,46305
BMS_Nutzbare_EntladeEnergie,52685
BMS_Nutzbare_EntladeEnergie,36720
BMS_Nutzbare_EntladeEnergie,43935
BMS_Nutzbare_EntladeEnergie,23890
BMS_Nutzbare_EntladeEnergie,48100
BMS_Nutzbare_EntladeEnergie,39915
BMS_Nutzbare_EntladeEnergie,44365
BMS_Nutzbare_EntladeEnergie,53960
BMS_Nutzbare_EntladeEnergie,24575
BMS_Nutzbare_EntladeEnergie,46995
BMS_Nutzbare_EntladeEnergie,43850
BMS_Nutzbare_EntladeEnergie,46310
BMS_Nutzbare_EntladeEnergie,37270
BMS_Nutzbare_EntladeEnergie,26585
BMS_Nutzbare_EntladeEnergie,37385
BMS_Nutzbare_EntladeEnergie,48700
BMS_Nutzbare_EntladeEnergie,36465
BMS_Nutzbare_EntladeEnergie,47090
BMS_Nutzbare_EntladeEnergie,44510
BMS_Nutzbare_EntladeEnergie,45910
BMS_Nutzbare_EntladeEnergie,40995
BMS_Nutzbare_EntladeEnergie,46990
BMS_Nutzbare_EntladeEnergie,24780
BMS_Nutzbare_EntladeEnergie,25075
BMS_Nutzbare_EntladeEnergie,43840
BMS_Nutzbare_EntladeEnergie,49175
BMS_Nutzbare_EntladeEnergie,43975
BMS_Nutzbare_EntladeEnergie,49910
BMS_Nutzbare_EntladeEnergie,36185
BMS_Nutzbare_EntladeEnergie,44445
BMS_Nutzbare_EntladeEnergie,31185
BMS_Nutzbare_EntladeEnergie,45085
BMS_Nutzbare_EntladeEnergie,55675
BMS_Nutzbare_EntladeEnergie,44845
BMS_Nutzbare_EntladeEnergie,26195
BMS_Nutzbare_EntladeEnergie,46700
BMS_Nutzbare_EntladeEnergie,44965
BMS_Nutzbare_EntladeEnergie,52355
BMS_Nutzbare_EntladeEnergie,52665
BMS_Nutzbare_EntladeEnergie,44130
BMS_Nutzbare_EntladeEnergie,45210
BMS_Nutzbare_EntladeEnergie,52695
BMS_Nutzbare_EntladeEnergie,39295
BMS_Nutzbare_EntladeEnergie,39690
BMS_Nutzbare_EntladeEnergie,45205
BMS_Nutzbare_EntladeEnergie,49295
BMS_Nutzbare_EntladeEnergie,37805
BMS_Nutzbare_EntladeEnergie,53995
BMS_Nutzbare_EntladeEnergie,26730
BMS_Nutzbare_EntladeEnergie,26220
BMS_Nutzbare_EntladeEnergie,41150
BMS_Nutzbare_EntladeEnergie,44100
BMS_Nutzbare_EntladeEnergie,45040
BMS_Nutzbare_EntladeEnergie,52265
BMS_Nutzbare_EntladeEnergie,47995
BMS_Nutzbare_EntladeEnergie,46100
BMS_Nutzbare_EntladeEnergie,25435
BMS_Nutzbare_EntladeEnergie,54030
BMS_Nutzbare_EntladeEnergie,39705
BMS_Nutzbare_EntladeEnergie,39815
BMS_Nutzbare_EntladeEnergie,47540
BMS_Nutzbare_EntladeEnergie,44550
BMS_Nutzbare_EntladeEnergie,28355
BMS_Nutzbare_EntladeEnergie,44600
BMS_Nutzbare_EntladeEnergie,41735
BMS_Nutzbare_EntladeEnergie,51895
BMS_Nutzbare_EntladeEnergie,53300
BMS_Nutzbare_EntladeEnergie,40025
BMS_Nutzbare_EntladeEnergie,47365
BMS_Nutzbare_EntladeEnergie,53765
BMS_Nutzbare_EntladeEnergie,45860
BMS_Nutzbare_EntladeEnergie,39265
BMS_Nutzbare_EntladeEnergie,44675
BMS_Nutzbare_EntladeEnergie,26110
BMS_Nutzbare_EntladeEnergie,26640
BMS_Nutzbare_EntladeEnergie,57725
BMS_Nutzbare_EntladeEnergie,53265
BMS_Nutzbare_EntladeEnergie,51935
BMS_Nutzbare_EntladeEnergie,26590
BMS_Nutzbare_EntladeEnergie,47155
BMS_Nutzbare_EntladeEnergie,46385
BMS_Nutzbare_EntladeEnergie,53600
BMS_Nutzbare_EntladeEnergie,24260
BMS_Nutzbare_EntladeEnergie,57195
BMS_Nutzbare_EntladeEnergie,28615
BMS_Nutzbare_EntladeEnergie,47080
BMS_Nutzbare_EntladeEnergie,52970
BMS_Nutzbare_EntladeEnergie,24340
BMS_Nutzbare_EntladeEnergie,52450
BMS_Nutzbare_EntladeEnergie,25700
BMS_Nutzbare_EntladeEnergie,47940
BMS_Nutzbare_EntladeEnergie,45070
BMS_Nutzbare_EntladeEnergie,37335
BMS_Nutzbare_EntladeEnergie,39710
BMS_Nutzbare_EntladeEnergie,52235
BMS_Nutzbare_EntladeEnergie,57300
BMS_Nutzbare_EntladeEnergie,26685
BMS_Nutzbare_EntladeEnergie,48535
BMS_Nutzbare_EntladeEnergie,47985
BMS_Nutzbare_EntladeEnergie,26500
BMS_Nutzbare_EntladeEnergie,52180
BMS_Nutzbare_EntladeEnergie,26940
BMS_Nutzbare_EntladeEnergie,27375
BMS_Nutzbare_EntladeEnergie,46605
BMS_Nutzbare_EntladeEnergie,26690
BMS_Nutzbare_EntladeEnergie,47045
BMS_Nutzbare_EntladeEnergie,52365
BMS_Nutzbare_EntladeEnergie,46535
BMS_Nutzbare_EntladeEnergie,53885
BMS_Nutzbare_EntladeEnergie,29970
BMS_Nutzbare_EntladeEnergie,50645
BMS_Nutzbare_EntladeEnergie,26525
BMS_Nutzbare_EntladeEnergie,30490
BMS_Nutzbare_EntladeEnergie,41490
BMS_Nutzbare_EntladeEnergie,43960
BMS_Nutzbare_EntladeEnergie,53150
BMS_Nutzbare_EntladeEnergie,24955
BMS_Nutzbare_EntladeEnergie,30840
BMS_Nutzbare_EntladeEnergie,28525
BMS_Nutzbare_EntladeEnergie,24310
BMS_Nutzbare_EntladeEnergie,44530
BMS_Nutzbare_EntladeEnergie,26675
BMS_Nutzbare_EntladeEnergie,39145
BMS_Nutzbare_EntladeEnergie,31510
BMS_Nutzbare_EntladeEnergie,45760
BMS_Nutzbare_EntladeEnergie,53450
BMS_Nutzbare_EntladeEnergie,57245
BMS_Nutzbare_EntladeEnergie,46515
BMS_Nutzbare_EntladeEnergie,48205
BMS_Nutzbare_EntladeEnergie,57140
BMS_RtmWarnPackUeberladen,kein_Fehler
BMS_RtmWarnTZelleDiff,kein_Fehler
BMS_RtmWarnTZelleMax,kein_Fehler
BMS_RtmWarnTZelleMin,kein_Fehler
BMS_RtmWarnUPackMax,kein_Fehler
BMS_RtmWarnUPackMin,kein_Fehler
BMS_RtmWarnUZelleMax,kein_Fehler
BMS_RtmWarnUZelleMin,kein_Fehler
BMS_RtmWarnZelleZustand,kein_Fehler
BMS_Verbrauch,159370
BMS_Verbrauch,62790
BMS_Verbrauch,2140
BMS_Verbrauch,267250
BMS_Verbrauch,64430
BMS_Verbrauch,308580
BMS_Verbrauch,274820
BMS_Verbrauch,226830
BMS_Verbrauch,91660
BMS_Verbrauch,69980
BMS_Verbrauch,182330
BMS_Verbrauch,201470
BMS_Verbrauch,142200
BMS_Verbrauch,34890
BMS_Verbrauch,102170
BMS_Verbrauch,129860
BMS_Verbrauch,53760
BMS_Verbrauch,76520
BMS_Verbrauch,256430
BMS_Verbrauch,98500
BMS_Verbrauch,157070
BMS_Verbrauch,43760
BMS_Verbrauch,17270
BMS_Verbrauch,152190
BMS_Verbrauch,71630
BMS_Verbrauch,202510
BMS_Verbrauch,281650
BMS_Verbrauch,13640
BMS_Verbrauch,210780
BMS_Verbrauch,274170
BMS_Verbrauch,47600
BMS_Verbrauch,207410
BMS_Verbrauch,19850
BMS_Verbrauch,37790
BMS_Verbrauch,800
BMS_Verbrauch,313410
BMS_Verbrauch,117510
BMS_Verbrauch,193840
BMS_Verbrauch,151680
BMS_Verbrauch,50620
BMS_Verbrauch,103430
BMS_Verbrauch,54440
BMS_Verbrauch,72990
BMS_Verbrauch,112830
BMS_Verbrauch,268560
BMS_Verbrauch,271790
BMS_Verbrauch,71030
BMS_Verbrauch,128610
BMS_Verbrauch,170800
BMS_Verbrauch,282040
BMS_Verbrauch,211670
BMS_Verbrauch,25490
BMS_Verbrauch,159790
BMS_Verbrauch,173750
BMS_Verbrauch,71770
BMS_Verbrauch,125080
BMS_Verbrauch,115090
BMS_Verbrauch,29020
BMS_Verbrauch,179570
BMS_Verbrauch,79670
BMS_Verbrauch,119970
BMS_Verbrauch,110940
BMS_Verbrauch,218280
BMS_Verbrauch,120870
BMS_Verbrauch,214000
BMS_Verbrauch,306410
BMS_Verbrauch,311340
BMS_Verbrauch,219150
BMS_Verbrauch,49400
BMS_Verbrauch,58130
BMS_Verbrauch,76620
BMS_Verbrauch,188340
BMS_Verbrauch,21150
BMS_Verbrauch,224020
BMS_Verbrauch,167700
BMS_Verbrauch,100570
BMS_Verbrauch,219140
BMS_Verbrauch,306180
BMS_Verbrauch,205550
BMS_Verbrauch,96630
BMS_Verbrauch,283920
BMS_Verbrauch,183620
BMS_Verbrauch,231280
BMS_Verbrauch,187900
BMS_Verbrauch,37830
BMS_Verbrauch,74070
BMS_Verbrauch,25130
BMS_Verbrauch,39360
BMS_Verbrauch,238660
BMS_Verbrauch,186390
BMS_Verbrauch,64550
BMS_Verbrauch,87100
BMS_Verbrauch,110100
BMS_Verbrauch,176910
BMS_Verbrauch,65410
BMS_Verbrauch,202700
BMS_Verbrauch,118610
BMS_Verbrauch,132670
BMS_Verbrauch,248640
BMS_Verbrauch,276140
BMS_Verbrauch,114090
BMS_Verbrauch,200300
BMS_Verbrauch,72100
BMS_Verbrauch,3470
BMS_Verbrauch,268030
BMS_Verbrauch,133470
BMS_Verbrauch,199350
BMS_Verbrauch,295470
BMS_Verbrauch,10620
BMS_Verbrauch,56060
BMS_Verbrauch,1570
BMS_Verbrauch,199410
BMS_Verbrauch,12360
BMS_Verbrauch,66480
BMS_Verbrauch,315010
BMS_Verbrauch,2340
BMS_Verbrauch,25470
BMS_Verbrauch,253620
BMS_Verbrauch,15640
BMS_Verbrauch,238770
BMS_Verbrauch,106600
BMS_Verbrauch,162190
BMS_Verbrauch,75330
BMS_Verbrauch,177470
BMS_Verbrauch,161090
BMS_Verbrauch,226330
BMS_Verbrauch,38260
BMS_Verbrauch,254810
BMS_Verbrauch,200950
BMS_Verbrauch,165220
BMS_Verbrauch,165720
BMS_Verbrauch,175170
BMS_Verbrauch,314290
BMS_Verbrauch,13710
BMS_Verbrauch,9750
BMS_Verbrauch,132010
BMS_Verbrauch,9190
BMS_Verbrauch,28830
BMS_Verbrauch,175090
BMS_Verbrauch,160170
BMS_Verbrauch,211370
BMS_Verbrauch,78130
BMS_Verbrauch,253010
BMS_Verbrauch,302460
BMS_Verbrauch,321410
BMS_Verbrauch,168100
BMS_Verbrauch,41000
BMS_Verbrauch,232640
BMS_Verbrauch,141530
BMS_Verbrauch,246380
BMS_Verbrauch,250390
BMS_Verbrauch,169290
BMS_Verbrauch,22360
BMS_Verbrauch,286190
BMS_Verbrauch,109090
BMS_Verbrauch,184660
BMS_Verbrauch,305630
BMS_Verbrauch,181280
BMS_Verbrauch,156470
BMS_Verbrauch,234920
BMS_Verbrauch,99010
BMS_Verbrauch,149060
BMS_Verbrauch,121750
BMS_Verbrauch,23420
BMS_Verbrauch,82280
BMS_Verbrauch,159490
BMS_Verbrauch,314100
BMS_Verbrauch,174680
BMS_Verbrauch,207390
BMS_Verbrauch,1220
BMS_Verbrauch,55080
BMS_Verbrauch,266300
BMS_Verbrauch,47150
BMS_Verbrauch,135810
BMS_Verbrauch,72980
BMS_Verbrauch,186030
BMS_Verbrauch,165230
BMS_Verbrauch,171220
BMS_Verbrauch,66950
BMS_Verbrauch,251150
BMS_Verbrauch,294130
BMS_Verbrauch,311810
BMS_Verbrauch,61020
BMS_Verbrauch,114940
BMS_Verbrauch,18590
BMS_Verbrauch,78060
BMS_Verbrauch,28510
BMS_Verbrauch,286570
BMS_Verbrauch,187960
BMS_Verbrauch,80430
BMS_Verbrauch,121860
BMS_Verbrauch,23590
BMS_Verbrauch,262410
BMS_Verbrauch,11200
BMS_Verbrauch,229890
BMS_Verbrauch,314360
BMS_Verbrauch,239940
BMS_Verbrauch,159470
BMS_Verbrauch,224100
BMS_Verbrauch,304440
BMS_Verbrauch,121060
BMS_Verbrauch,214980
BMS_Verbrauch,92990
BMS_Verbrauch,276940
BMS_Verbrauch,233160
BMS_Verbrauch,162980
BMS_Verbrauch,144310
BMS_Verbrauch,183140
BMS_Verbrauch,153220
BMS_Verbrauch,223560
BMS_Verbrauch,3840
BMS_Verbrauch,213020
BMS_Verbrauch,40410
BMS_Verbrauch,277660
BMS_Verbrauch,163010
BMS_Verbrauch,23970
BMS_Verbrauch,108190
BMS_Verbrauch,146080
BMS_Verbrauch,106060
BMS_Verbrauch,45610
BMS_Verbrauch,256850
BMS_Verbrauch,295590
BMS_Verbrauch,79350
BMS_Verbrauch,74970
BMS_Verbrauch,87120
BMS_Verbrauch,45710
BMS_Verbrauch,186040
BMS_Verbrauch,183150
BMS_Verbrauch,280340
BMS_Verbrauch,109150
BMS_Verbrauch,298180
BMS_Verbrauch,232220
BMS_Verbrauch,193590
BMS_Verbrauch,228160
BMS_Verbrauch,5860
BMS_Verbrauch,6360
BMS_Verbrauch,291470
BMS_Verbrauch,282190
BMS_Verbrauch,134370
BMS_Verbrauch,190880
BMS_Verbrauch,167290
BMS_Verbrauch,137640
BMS_Verbrauch,242820
BMS_Verbrauch,119400
BMS_Verbrauch,195850
BMS_Verbrauch,100620
BMS_Verbrauch,258510
BMS_Verbrauch,300590
BMS_Verbrauch,294770
BMS_Verbrauch,131050
BMS_Verbrauch,193610
BMS_Verbrauch,113110
BMS_Verbrauch,313270
BMS_Verbrauch,296880
BMS_Verbrauch,159090
BMS_Verbrauch,86990
BMS_Verbrauch,235730
BMS_Verbrauch,220620
BMS_Verbrauch,175530
BMS_Verbrauch,188810
BMS_Verbrauch,307830
BMS_Verbrauch,78180
BMS_Verbrauch,126270
BMS_Verbrauch,316960
BMS_Verbrauch,281220
BMS_Verbrauch,50380
BMS_Verbrauch,97770
BMS_Verbrauch,165540
BMS_Verbrauch,319890
BMS_Verbrauch,256390
BMS_Verbrauch,8670
BMS_Verbrauch,242270
BMS_Verbrauch,230180
BMS_Verbrauch,193680
BMS_Verbrauch,222190
BMS_Verbrauch,2450
BMS_Verbrauch,69930
BMS_Verbrauch,232120
BMS_Verbrauch,121050
BMS_Verbrauch,12400
BMS_Verbrauch,110570
BMS_Verbrauch,132560
BMS_Verbrauch,19310
BMS_Verbrauch,120890
BMS_Verbrauch,125200
BMS_Verbrauch,3790
BMS_Verbrauch,128260
BMS_Verbrauch,126880
BMS_Verbrauch,146250
BMS_Verbrauch,253370
BMS_Verbrauch,38010
BMS_Verbrauch,141880
BMS_Verbrauch,148500
BMS_Verbrauch,120230
BMS_Verbrauch,28300
BMS_Verbrauch,114300
BMS_Verbrauch,73690
BMS_Verbrauch,6590
BMS_Verbrauch,192760
BMS_Verbrauch,3810
BMS_Verbrauch,309690
BMS_Verbrauch,33280
BMS_Verbrauch,276110
BMS_Verbrauch,320250
BMS_Verbrauch,96120
BMS_Verbrauch,211940
BMS_Verbrauch,274680
BMS_Verbrauch,89830
BMS_Verbrauch,91100
BMS_Verbrauch,129850
BMS_Verbrauch,51500
BMS_Verbrauch,56360
BMS_Verbrauch,73090
BMS_Verbrauch,128480
BMS_Verbrauch,58360
BMS_Verbrauch,232420
BMS_Verbrauch,177970
BMS_Verbrauch,28190
BMS_Verbrauch,192940
BMS_Verbrauch,227590
BMS_Verbrauch,17100
BMS_Verbrauch,266500
BMS_Verbrauch,75980
BMS_Verbrauch,211040
BMS_Verbrauch,260170
BMS_Verbrauch,49550
BMS_Verbrauch,229170
BMS_Verbrauch,55070
BMS_Verbrauch,261760
BMS_Verbrauch,208210
BMS_Verbrauch,114280
BMS_Verbrauch,143040
BMS_Verbrauch,277720
BMS_Verbrauch,231980
BMS_Verbrauch,158330
BMS_Verbrauch,151160
BMS_Verbrauch,174630
BMS_Verbrauch,85990
BMS_Verbrauch,73360
BMS_Verbrauch,126030
BMS_Verbrauch,269200
BMS_Verbrauch,98440
BMS_Verbrauch,196940
BMS_Verbrauch,81760
BMS_Verbrauch,59140
BMS_Verbrauch,65050
BMS_Verbrauch,125720
BMS_Verbrauch,110350
BMS_Verbrauch,87540
BMS_Verbrauch,294320
BMS_Verbrauch,215080
BMS_Verbrauch,188890
BMS_Verbrauch,32040
BMS_Verbrauch,248220
BMS_Verbrauch,15560
BMS_Verbrauch,313380
BMS_Verbrauch,265400
BMS_Verbrauch,28630
BMS_Verbrauch,47820
BMS_Verbrauch,142070
BMS_Verbrauch,11600
BMS_Verbrauch,114240
BMS_Verbrauch,195640
BMS_Verbrauch,161050
BMS_Verbrauch,309410
BMS_Verbrauch,282080
BMS_Verbrauch,259190
BMS_Verbrauch,80650
BMS_Verbrauch,171000
BMS_Verbrauch,224060
BMS_Verbrauch,253410
BMS_Verbrauch,139110
BMS_Verbrauch,307500
BMS_Verbrauch,326960
BMS_Verbrauch,205870
BMS_Verbrauch,247600
BMS_Verbrauch,4180
BMS_Verbrauch,28270
BMS_Verbrauch,82910
BMS_Verbrauch,219170
BMS_Verbrauch,240440
BMS_Verbrauch,141180
BMS_Verbrauch,30110
BMS_Verbrauch,44320
BMS_Verbrauch,322100
BMS_Verbrauch,173310
BMS_Verbrauch,162290
BMS_Verbrauch,246830
BMS_Verbrauch,180760
BMS_Verbrauch,160240
BMS_Verbrauch,234310
BMS_Verbrauch,133340
BMS_Verbrauch,115030
BMS_Verbrauch,132250
BMS_Verbrauch,308810
BMS_Verbrauch,56520
BMS_Verbrauch,280070
BMS_Verbrauch,296230
BMS_Verbrauch,170060
BMS_Verbrauch,234330
BMS_Verbrauch,288570
BMS_Verbrauch,118480
BMS_Verbrauch,172000
BMS_Verbrauch,8940
BMS_Verbrauch,307560
BMS_Verbrauch,244800
BMS_Verbrauch,326660
BMS_Verbrauch,260580
BMS_Verbrauch,289020
BMS_Verbrauch,308850
BMS_Verbrauch,136260
BMS_Verbrauch,209850
BMS_Verbrauch,219510
BMS_Verbrauch,175940
BMS_Verbrauch,214360
BMS_Verbrauch,110720
BMS_Verbrauch,175900
BMS_Verbrauch,259440
BMS_Verbrauch,65240
BMS_Verbrauch,155180
BMS_Verbrauch,278900
BMS_Verbrauch,171800
BMS_Verbrauch,215350
BMS_Verbrauch,56100
BMS_Verbrauch,54650
BMS_Verbrauch,238120
BMS_Verbrauch,53080
BMS_Verbrauch,179610
BMS_Verbrauch,3950
BMS_Verbrauch,74720
BMS_Verbrauch,19770
BMS_Verbrauch,183910
BMS_Verbrauch,4860
BMS_Verbrauch,71620
BMS_Verbrauch,47420
BMS_Verbrauch,92790
BMS_Verbrauch,157230
BMS_Verbrauch,78660
BMS_Verbrauch,16010
BMS_Verbrauch,254050
BMS_Verbrauch,277710
BMS_Verbrauch,210170
BMS_Verbrauch,156860
BMS_Verbrauch,266140
BMS_Verbrauch,16220
BMS_Verbrauch,159430
BMS_Verbrauch,199240
BMS_Verbrauch,115110
BMS_Verbrauch,183010
BMS_Verbrauch,120300
BMS_Verbrauch,33690
BMS_Verbrauch,208390
BMS_Verbrauch,276180
BMS_Verbrauch,6210
BMS_Verbrauch,230400
BMS_Verbrauch,248690
BMS_Verbrauch,22630
BMS_Verbrauch,23490
BMS_Verbrauch,45960
BMS_Verbrauch,30380
BMS_Verbrauch,119680
BMS_Verbrauch,205500
BMS_Verbrauch,209520
BMS_Verbrauch,10110
BMS_Verbrauch,204410
BMS_Verbrauch,132170
BMS_Verbrauch,145160
BMS_Verbrauch,22810
BMS_Verbrauch,31540
BMS_Verbrauch,167330
BMS_Verbrauch,253760
BMS_Verbrauch,117880
BMS_Verbrauch,42970
BMS_Verbrauch,294140
BMS_Verbrauch,37860
BMS_Verbrauch,224700
BMS_Verbrauch,173150
BMS_Verbrauch,123680
BMS_Verbrauch,40800
BMS_Verbrauch,148380
BMS_Verbrauch,102140
BMS_Verbrauch,40550
BMS_Verbrauch,62980
BMS_Verbrauch,268270
BMS_Verbrauch,301940
BMS_Verbrauch,256680
BMS_Verbrauch,5500
BMS_Verbrauch,36410
BMS_Verbrauch,157680
BMS_Verbrauch,153810
BMS_Verbrauch,255740
BMS_Verbrauch,49380
BMS_Verbrauch,207970
BMS_Verbrauch,236740
BMS_Verbrauch,114360
BMS_Verbrauch,283860
BMS_Verbrauch,140380
BMS_Verbrauch,218880
BMS_Verbrauch,141820
BMS_Verbrauch,151840
BMS_Verbrauch,79940
BMS_Verbrauch,100530
BMS_Verbrauch,162700
BMS_Verbrauch,44300
BMS_Verbrauch,163110
BMS_Verbrauch,156720
BMS_Verbrauch,51970
BMS_Verbrauch,240370
BMS_Verbrauch,54630
BMS_Verbrauch,190640
BMS_Verbrauch,146380
BMS_Verbrauch,52920
BMS_Verbrauch,100350
BMS_Verbrauch,30830
BMS_Verbrauch,11750
BMS_Verbrauch,263000
BMS_Verbrauch,263220
BMS_Verbrauch,133220
BMS_Verbrauch,5900
BMS_Verbrauch,45010
BMS_Verbrauch,122250
BMS_Verbrauch,281000
BMS_Verbrauch,323780
BMS_Verbrauch,8020
BMS_Verbrauch,142980
BMS_Verbrauch,318450
BMS_Verbrauch,256710
BMS_Verbrauch,249400
BMS_Verbrauch,110370
BMS_Verbrauch,215780
BMS_Verbrauch,299280
BMS_Verbrauch,160060
BMS_Verbrauch,55460
BMS_Verbrauch,35290
BMS_Verbrauch,47560
BMS_Verbrauch,86690
BMS_Verbrauch,20340
BMS_Verbrauch,104080
BMS_Verbrauch,171460
BMS_Verbrauch,126720
BMS_Verbrauch,65510
BMS_Verbrauch,102380
BMS_Verbrauch,263710
BMS_Verbrauch,143070
BMS_Verbrauch,54840
BMS_Verbrauch,293200
BMS_Verbrauch,49970
BMS_Verbrauch,141390
BMS_Verbrauch,264770
BMS_Verbrauch,300550
BMS_Verbrauch,255140
BMS_Verbrauch,72130
BMS_Verbrauch,190910
BMS_Verbrauch,291450
BMS_Verbrauch,139510
BMS_Verbrauch,289770
BMS_Verbrauch,98790
BMS_Verbrauch,99160
BMS_Verbrauch,237170
BMS_Verbrauch,256720
BMS_Verbrauch,109550
BMS_Verbrauch,311350
BMS_Verbrauch,166150
BMS_Verbrauch,199160
BMS_Verbrauch,104400
BMS_Verbrauch,253820
BMS_Verbrauch,281680
BMS_Verbrauch,250480
BMS_Verbrauch,10970
BMS_Verbrauch,315550
BMS_Verbrauch,307710
BMS_Verbrauch,154660
BMS_Verbrauch,130830
BMS_Verbrauch,51350
BMS_Verbrauch,284430
BMS_Verbrauch,29240
BMS_Verbrauch,139820
BMS_Verbrauch,6180
BMS_Verbrauch,262800
BMS_Verbrauch,216470
BMS_Verbrauch,269070
BMS_Verbrauch,311980
BMS_Verbrauch,247810
BMS_Verbrauch,289200
BMS_Verbrauch,161540
BMS_Verbrauch,216280
BMS_Verbrauch,213350
BMS_Verbrauch,150790
BMS_Verbrauch,261010
BMS_Verbrauch,277580
BMS_Verbrauch,284560
BMS_Verbrauch,197070
BMS_Verbrauch,83450
BMS_Verbrauch,10730
BMS_Verbrauch,223190
BMS_Verbrauch,106730
BMS_Verbrauch,218840
BMS_Verbrauch,273940
BMS_Verbrauch,235100
BMS_Verbrauch,108100
BMS_Verbrauch,267200
BMS_Verbrauch,294400
BMS_Verbrauch,104000
BMS_Verbrauch,50750
BMS_Verbrauch,5580
BMS_Verbrauch,153330
BMS_Verbrauch,175360
BMS_Verbrauch,56850
BMS_Verbrauch,106350
BMS_Verbrauch,224420
BMS_Verbrauch,22780
BMS_Verbrauch,189030
BMS_Verbrauch,182830
BMS_Verbrauch,23450
BMS_Verbrauch,59170
BMS_Verbrauch,232730
BMS_Verbrauch,146330
BMS_Verbrauch,89740
BMS_Verbrauch,18840
BMS_Verbrauch,192650
BMS_Verbrauch,323620
BMS_Verbrauch,1750
BMS_Verbrauch,224690
BMS_Verbrauch,163190
BMS_Verbrauch,91360
BMS_Verbrauch,154730
BMS_Verbrauch,221860
BMS_Verbrauch,157700
BMS_Verbrauch,183260
BMS_Verbrauch,5160
BMS_Verbrauch,139340
BMS_Verbrauch,274940
BMS_Verbrauch,79300
BMS_Verbrauch,51080
BMS_Verbrauch,135670
BMS_Verbrauch,10980
BMS_Verbrauch,302540
BMS_Verbrauch,242060
BMS_Verbrauch,159400
BMS_Verbrauch,89570
BMS_Verbrauch,300900
BMS_Verbrauch,183480
BMS_Verbrauch,104710
BMS_Verbrauch,199050
BMS_Verbrauch,251690
BMS_Verbrauch,103540
BMS_Verbrauch,182940
BMS_Verbrauch,216110
BMS_Verbrauch,57300
BMS_Verbrauch,152580
BMS_Verbrauch,172890
BMS_Verbrauch,25960
BMS_Verbrauch,180370
BMS_Verbrauch,236440
BMS_Verbrauch,213950
BMS_Verbrauch,79970
BMS_Verbrauch,210380
BMS_Verbrauch,5760
BMS_Verbrauch,93820
BMS_Verbrauch,204780
BMS_Verbrauch,60260
BMS_Verbrauch,84900
BMS_Verbrauch,15860
BMS_Verbrauch,220630
BMS_Verbrauch,214260
BMS_Verbrauch,182970
BMS_Verbrauch,312610
BMS_Verbrauch,188680
BMS_Verbrauch,76850
BMS_Verbrauch,67580
BMS_Verbrauch,317770
BMS_Verbrauch,52500
BMS_Verbrauch,229680
BMS_Verbrauch,162960
BMS_Verbrauch,315890
BMS_Verbrauch,265690
BMS_Verbrauch,318230
BMS_Verbrauch,218290
BMS_Verbrauch,155570
BMS_Verbrauch,52130
BMS_Verbrauch,97820
BMS_Verbrauch,138310
BMS_Verbrauch,94400
BMS_Verbrauch,13610
BMS_Verbrauch,234850
BMS_Verbrauch,23670
BMS_Verbrauch,119480
BMS_Verbrauch,156260
BMS_Verbrauch,124330
BMS_Verbrauch,180840
BMS_Verbrauch,302450
BMS_Verbrauch,5430
BMS_Verbrauch,246770
BMS_Verbrauch,269100
BMS_Verbrauch,23510
BMS_Verbrauch,191860
BMS_Verbrauch,319480
BMS_Verbrauch,134970
BMS_Verbrauch,4270
BMS_Verbrauch,222030
BMS_Verbrauch,265700
BMS_Verbrauch,287600
BMS_Verbrauch,54470
BMS_Verbrauch,191870
BMS_Verbrauch,126890
BMS_Verbrauch,236680
BMS_Verbrauch,152690
BMS_Verbrauch,12740
BMS_Verbrauch,194280
BMS_Verbrauch,184140
BMS_Verbrauch,292200
BMS_Verbrauch,144000
BMS_Verbrauch,80450
BMS_Verbrauch,317760
BMS_Verbrauch,226390
BMS_Verbrauch,238680
BMS_Verbrauch,72420
BMS_Verbrauch,174050
BMS_Verbrauch,243270
BMS_Verbrauch,22600
BMS_Verbrauch,315930
BMS_Verbrauch,132740
BMS_Verbrauch,129400
BMS_Verbrauch,168560
BMS_Verbrauch,115870
BMS_Verbrauch,156100
BMS_Verbrauch,136410
BMS_Verbrauch,290470
BMS_Verbrauch,17870
BMS_Verbrauch,20930
BMS_Verbrauch,304020
BMS_Verbrauch,318930
BMS_Verbrauch,207850
BMS_Verbrauch,92690
BMS_Verbrauch,121830
BMS_Verbrauch,252260
BMS_Verbrauch,155270
BMS_Verbrauch,207800
BMS_Verbrauch,229540
BMS_Verbrauch,58210
BMS_Verbrauch,136360
BMS_Verbrauch,252310
BMS_Verbrauch,150220
BMS_Verbrauch,59640
BMS_Verbrauch,162680
BMS_Verbrauch,265820
BMS_Verbrauch,197840
BMS_Verbrauch,282580
BMS_Verbrauch,16800
BMS_Verbrauch,209400
BMS_Verbrauch,25570
BMS_Verbrauch,220680
BMS_Verbrauch,122370
BMS_Verbrauch,208890
BMS_Verbrauch,16660
BMS_Verbrauch,302140
BMS_Verbrauch,223110
BMS_Verbrauch,134750
BMS_Verbrauch,256670
BMS_Verbrauch,155760
BMS_Verbrauch,22760
BMS_Verbrauch,246570
BMS_Verbrauch,22420
BMS_Verbrauch,325880
BMS_Verbrauch,57010
BMS_Verbrauch,281010
BMS_Verbrauch,294670
BMS_Verbrauch,8760
BMS_Verbrauch,216570
BMS_Verbrauch,110260
BMS_Verbrauch,149110
BMS_Verbrauch,172020
BMS_Verbrauch,63530
BMS_Verbrauch,24780
BMS_Verbrauch,24850
BMS_Verbrauch,142750
BMS_Verbrauch,138280
BMS_Verbrauch,250060
BMS_Verbrauch,70080
BMS_Verbrauch,325260
BMS_Verbrauch,239400
BMS_Verbrauch,125230
BMS_Verbrauch,311640
BMS_Verbrauch,138130
BMS_Verbrauch,153460
BMS_Verbrauch,218530
BMS_Verbrauch,135550
BMS_Verbrauch,224450
BMS_Verbrauch,299940
BMS_Verbrauch,307670
BMS_Verbrauch,210110
BMS_Verbrauch,68300
BMS_Verbrauch,132160
BMS_Verbrauch,271660
BMS_Verbrauch,42380
BMS_Verbrauch,116990
BMS_Verbrauch,288900
BMS_Verbrauch,300750
BMS_Verbrauch,86750
BMS_Verbrauch,265830
BMS_Verbrauch,234870
BMS_Verbrauch,191190
BMS_Verbrauch,176840
BMS_Verbrauch,237180
BMS_Verbrauch,36220
BMS_Verbrauch,54700
BMS_Verbrauch,140490
BMS_Verbrauch,147950
BMS_Verbrauch,51020
BMS_Verbrauch,151490
BMS_Verbrauch,147680
BMS_Verbrauch,32560
BMS_Verbrauch,119510
BMS_Verbrauch,41530
BMS_Verbrauch,318320
BMS_Verbrauch,176160
BMS_Verbrauch,27470
BMS_Verbrauch,222670
BMS_Verbrauch,296390
BMS_Verbrauch,169460
BMS_Verbrauch,148980
BMS_Verbrauch,255110
BMS_Verbrauch,124630
BMS_Verbrauch,51220
BMS_Verbrauch,20030
BMS_Verbrauch,26070
BMS_Verbrauch,287580
BMS_Verbrauch,295810
BMS_Verbrauch,127690
BMS_Verbrauch,295920
BMS_Verbrauch,220020
BMS_Verbrauch,30150
BMS_Verbrauch,224980
BMS_Verbrauch,14940
BMS_Verbrauch,277920
BMS_Verbrauch,40400
BMS_Verbrauch,116030
BMS_Verbrauch,320230
BMS_Verbrauch,146470
BMS_Verbrauch,301420
BMS_Verbrauch,55580
BMS_Verbrauch,261630
BMS_Verbrauch,9010
BMS_Verbrauch,253150
BMS_Verbrauch,322230
BMS_Verbrauch,325700
BMS_Verbrauch,237390
BMS_Verbrauch,221330
BMS_Verbrauch,259330
BMS_Verbrauch,278020
BMS_Verbrauch,282660
BMS_Verbrauch,229840
BMS_Verbrauch,259880
BMS_Verbrauch,1240
BMS_Verbrauch,87270
BMS_Verbrauch,104610
BMS_Verbrauch,41210
BMS_Verbrauch,138790
BMS_Verbrauch,27150
BMS_Verbrauch,39970
BMS_Verbrauch,159250
BMS_Verbrauch,233210
BMS_Verbrauch,91020
BMS_Verbrauch,145010
BMS_Verbrauch,173630
BMS_Verbrauch,222950
BMS_Verbrauch,22400
BMS_Verbrauch,30180
BMS_Verbrauch,88460
BMS_Verbrauch,226220
BMS_Verbrauch,121770
BMS_Verbrauch,76840
BMS_Verbrauch,95180
BMS_Verbrauch,53110
BMS_Verbrauch,33650
BMS_Verbrauch,163250
BMS_Verbrauch,47370
BMS_Verbrauch,16710
BMS_Verbrauch,42930
BMS_Verbrauch,258220
BMS_Verbrauch,148560
BMS_Verbrauch,50390
BMS_Verbrauch,171380
BMS_Verbrauch,6000
BMS_Verbrauch,202630
BMS_Verbrauch,268670
BMS_Verbrauch,106380
BMS_Verbrauch,107250
BMS_Verbrauch,244840
BMS_Verbrauch,148810
BMS_Verbrauch,202720
BMS_Verbrauch,273140
BMS_Verbrauch,66760
BMS_Verbrauch,243010
BMS_Verbrauch,150410
BMS_Verbrauch,282570
BMS_Verbrauch,282300
BMS_Verbrauch,170190
BMS_Verbrauch,205920
BMS_Verbrauch,3300
BMS_Verbrauch,135390
BMS_Verbrauch,51170
BMS_Verbrauch,2290
BMS_Verbrauch,316140
BMS_Verbrauch,87600
BMS_Verbrauch,70500
BMS_Verbrauch,261470
BMS_Verbrauch,231050
BMS_Verbrauch,129250
BMS_Verbrauch,179320
BMS_Verbrauch,252860
BMS_Verbrauch,199370
BMS_Verbrauch,207350
BMS_Verbrauch,53310
BMS_Verbrauch,61190
BMS_Verbrauch,206610
BMS_Verbrauch,286610
BMS_Verbrauch,149900
BMS_Verbrauch,245070
BMS_Verbrauch,143230
BMS_Verbrauch,84830
BMS_Verbrauch,91690
BMS_Verbrauch,321510
BMS_Verbrauch,320210
BMS_Verbrauch,238510
BMS_Verbrauch,152770
BMS_Verbrauch,76570
BMS_Verbrauch,276830
BMS_Verbrauch,183690
BMS_Verbrauch,181230
BMS_Verbrauch,8840
BMS_Verbrauch,274530
BMS_Verbrauch,308540
BMS_Verbrauch,38290
BMS_Verbrauch,239050
BMS_Verbrauch,40170
BMS_Verbrauch,33620
BMS_Verbrauch,33780
BMS_Verbrauch,184860
BMS_Verbrauch,265640
BMS_Verbrauch,92010
BMS_Verbrauch,295300
BMS_Verbrauch,65610
BMS_Verbrauch,278850
BMS_Verbrauch,31290
BMS_Verbrauch,271560
BMS_Verbrauch,296060
BMS_Verbrauch,108930
BMS_Verbrauch,306500
BMS_Verbrauch,253470
BMS_Verbrauch,140260
BMS_Verbrauch,75710
BMS_Verbrauch,210460
BMS_Verbrauch,24650
BMS_Verbrauch,36620
BMS_Verbrauch,296320
BMS_Verbrauch,126610
BMS_Verbrauch,78900
BMS_Verbrauch,159310
BMS_Verbrauch,150300
BMS_Verbrauch,138380
BMS_Verbrauch,43370
BMS_Verbrauch,74140
BMS_Verbrauch,291620
BMS_Verbrauch,238470
BMS_Verbrauch,280040
BMS_Verbrauch,190020
BMS_Verbrauch,18500
BMS_Verbrauch,299430
BMS_Verbrauch,17650
BMS_Verbrauch,323790
BMS_Verbrauch,282640
BMS_Verbrauch,153160
BMS_Verbrauch,318490
BMS_Verbrauch,319430
BMS_Verbrauch,239470
BMS_Verbrauch,309670
BMS_Verbrauch,181480
BMS_Verbrauch,176310
BMS_Verbrauch,76000
BMS_Verbrauch,172520
BMS_Verbrauch,236870
BMS_Verbrauch,9170
BMS_Verbrauch,146960
BMS_Verbrauch,220080
BMS_Verbrauch,96520
BMS_Verbrauch,2160
BMS_Verbrauch,239270
BMS_Verbrauch,124710
BMS_Verbrauch,264160
BMS_Verbrauch,271190
BMS_Verbrauch,34780
BMS_Verbrauch,320080
BMS_Verbrauch,1710
BMS_Verbrauch,9330
BMS_Verbrauch,138230
BMS_Verbrauch,6900
BMS_Verbrauch,4970
BMS_Verbrauch,29790
BMS_Verbrauch,37820
BMS_Verbrauch,126110
BMS_Verbrauch,287440
BMS_Verbrauch,17950
BMS_Verbrauch,138810
BMS_Verbrauch,161780
BMS_Verbrauch,129770
BMS_Verbrauch,16230
BMS_Verbrauch,236360
BMS_Verbrauch,237610
BMS_Verbrauch,136820
BMS_Verbrauch,103990
BMS_Verbrauch,5960
BMS_Verbrauch,150880
BMS_Verbrauch,92120
BMS_Verbrauch,24710
BMS_Verbrauch,222360
BMS_Verbrauch,82140
BMS_Verbrauch,189710
BMS_Verbrauch,259560
BMS_Verbrauch,173640
BMS_Verbrauch,192740
BMS_Verbrauch,200650
BMS_Verbrauch,217430
BMS_Verbrauch,186180
BMS_Verbrauch,202260
BMS_Verbrauch,229350
BMS_Verbrauch,180880
BMS_Verbrauch,85730
BMS_Verbrauch,203900
BMS_Verbrauch,165750
BMS_Verbrauch,210820
BMS_Verbrauch,98870
BMS_Verbrauch,252890
BMS_Verbrauch,52960
BMS_Verbrauch,278090
BMS_Verbrauch,181200
BMS_Verbrauch,173660
BMS_Verbrauch,3060
BMS_Verbrauch,159160
BMS_Verbrauch,157720
BMS_Verbrauch,84380
BMS_Verbrauch,100850
BMS_Verbrauch,210000
BMS_Verbrauch,205220
BMS_Verbrauch,146270
BMS_Verbrauch,250540
BMS_Verbrauch,321820
BMS_Verbrauch,550
BMS_Verbrauch,61120
BMS_Verbrauch,97180
BMS_Verbrauch,178410
BMS_Verbrauch,192750
BMS_Verbrauch,130690
BMS_Verbrauch,113380
BMS_Verbrauch,269650
BMS_Verbrauch,247950
BMS_Verbrauch,48960
BMS_Verbrauch,254790
BMS_Verbrauch,134540
BMS_Verbrauch,67850
BMS_Verbrauch,202810
BMS_Verbrauch,34540
BMS_Verbrauch,124490
BMS_Verbrauch,258580
BMS_Verbrauch,78350
BMS_Verbrauch,87970
BMS_Verbrauch,171600
BMS_Verbrauch,123960
BMS_Verbrauch,32780
BMS_Verbrauch,249320
BMS_Verbrauch,97020
BMS_Verbrauch,18420
BMS_Verbrauch,13920
BMS_Verbrauch,233810
BMS_Verbrauch,311900
BMS_Verbrauch,43820
BMS_Verbrauch,114540
BMS_Verbrauch,132580
BMS_Verbrauch,6190
BMS_Verbrauch,82610
BMS_Verbrauch,4500
BMS_Verbrauch,179140
BMS_Verbrauch,177150
BMS_Verbrauch,305730
BMS_Verbrauch,286950
BMS_Verbrauch,261320
BMS_Verbrauch,244830
BMS_Verbrauch,85590
BMS_Verbrauch,28560
BMS_Verbrauch,2010
BMS_Verbrauch,183050
BMS_Verbrauch,60580
BMS_Verbrauch,162130
BMS_Verbrauch,234910
BMS_Verbrauch,228530
BMS_Verbrauch,75960
BMS_Verbrauch,308400
BMS_Verbrauch,110130
BMS_Verbrauch,168250
BMS_Verbrauch,154680
BMS_Verbrauch,205040
BMS_Verbrauch,80630
BMS_Verbrauch,11400
BMS_Verbrauch,229980
BMS_Verbrauch,123770
BMS_Verbrauch,194670
BMS_Verbrauch,194800
BMS_Verbrauch,119460
BMS_Verbrauch,167050
BMS_Verbrauch,139410
BMS_Verbrauch,108090
BMS_Verbrauch,110830
BMS_Verbrauch,173770
BMS_Verbrauch,121000
BMS_Verbrauch,198710
BMS_Verbrauch,260820
BMS_Verbrauch,61200
BMS_Verbrauch,243000
BMS_Verbrauch,206020
BMS_Verbrauch,237210
BMS_Verbrauch,304170
BMS_Verbrauch,10800
BMS_Verbrauch,221470
BMS_Verbrauch,286970
BMS_Verbrauch,241880
BMS_Verbrauch,30
BMS_Verbrauch,21810
BMS_Verbrauch,315260
BMS_Verbrauch,132540
BMS_Verbrauch,151760
BMS_Verbrauch,60870
BMS_Verbrauch,260480
BMS_Verbrauch,217010
BMS_Verbrauch,242210
BMS_Verbrauch,19540
BMS_Verbrauch,16300
BMS_Verbrauch,300530
BMS_Verbrauch,45650
BMS_Verbrauch,217350
BMS_Verbrauch,241610
BMS_Verbrauch,299610
BMS_Verbrauch,44990
BMS_Verbrauch,202950
BMS_Verbrauch,88670
BMS_Verbrauch,48500
BMS_Verbrauch,105000
BMS_Verbrauch,94890
BMS_Verbrauch,163430
BMS_Verbrauch,263340
BMS_Verbrauch,39070
BMS_Verbrauch,199230
BMS_Verbrauch,180670
BMS_Verbrauch,17320
BMS_Verbrauch,305330
BMS_Verbrauch,235530
BMS_Verbrauch,72640
BMS_Verbrauch,219100
BMS_Verbrauch,317910
BMS_Verbrauch,137910
BMS_Verbrauch,117420
BMS_Verbrauch,26600
BMS_Verbrauch,124750
BMS_Verbrauch,220330
BMS_Verbrauch,255490
BMS_Verbrauch,46700
BMS_Verbrauch,151670
BMS_Verbrauch,35950
BMS_Verbrauch,212260
BMS_Verbrauch,305940
BMS_Verbrauch,151280
BMS_Verbrauch,247710
BMS_Verbrauch,79090
BMS_Verbrauch,276740
BMS_Verbrauch,226250
BMS_Verbrauch,23400
BMS_Verbrauch,3510
BMS_Verbrauch,62900
BMS_Verbrauch,103010
BMS_Verbrauch,20160
BMS_Verbrauch,85490
BMS_Verbrauch,109970
BMS_Verbrauch,317200
BMS_Verbrauch,261840
BMS_Verbrauch,207080
BMS_Verbrauch,109960
BMS_Verbrauch,314690
BMS_Verbrauch,52680
BMS_Verbrauch,323960
BMS_Verbrauch,111730
BMS_Verbrauch,310410
BMS_Verbrauch,121330
BMS_Verbrauch,269480
BMS_Verbrauch,65000
BMS_Verbrauch,222280
BMS_Verbrauch,172860
BMS_Verbrauch,174980
BMS_Verbrauch,410
BMS_Verbrauch,109040
BMS_Verbrauch,238630
BMS_Verbrauch,205570
BMS_Verbrauch,193050
BMS_Verbrauch,288910
BMS_Verbrauch,250380
BMS_Verbrauch,297420
BMS_Verbrauch,128820
BMS_Verbrauch,133980
BMS_Verbrauch,120720
BMS_Verbrauch,15900
BMS_Verbrauch,178430
BMS_Verbrauch,192130
BMS_Verbrauch,114100
BMS_Verbrauch,189630
BMS_Verbrauch,137060
BMS_Verbrauch,296440
BMS_Verbrauch,86360
BMS_Verbrauch,296790
BMS_Verbrauch,203270
BMS_Verbrauch,85400
BMS_Verbrauch,152500
BMS_Verbrauch,314810
BMS_Verbrauch,134270
BMS_Verbrauch,44550
BMS_Verbrauch,279050
BMS_Verbrauch,26440
BMS_Verbrauch,306120
BMS_Verbrauch,96770
BMS_Verbrauch,28120
BMS_Verbrauch,243490
BMS_Verbrauch,139170
BMS_Verbrauch,223730
BMS_Verbrauch,192480
BMS_Verbrauch,311400
BMS_Verbrauch,144410
BMS_Verbrauch,72770
BMS_Verbrauch,37250
BMS_Verbrauch,133430
BMS_Verbrauch,123850
BMS_Verbrauch,181080
BMS_Verbrauch,278010
BMS_Verbrauch,43000
BMS_Verbrauch,161510
BMS_Verbrauch,93650
BMS_Verbrauch,187330
BMS_Verbrauch,120670
BMS_Verbrauch,258810
BMS_Verbrauch,160880
BMS_Verbrauch,290760
BMS_Verbrauch,206960
BMS_Verbrauch,266490
BMS_Verbrauch,155770
BMS_Verbrauch,252570
BMS_Verbrauch,34500
BMS_Verbrauch,153010
BMS_Verbrauch,160650
BMS_Verbrauch,185600
BMS_Verbrauch,311560
BMS_Verbrauch,115670
BMS_Verbrauch,181330
BMS_Verbrauch,200500
BMS_Verbrauch,91140
BMS_Verbrauch,202030
BMS_Verbrauch,203090
BMS_Verbrauch,38030
BMS_Verbrauch,37440
BMS_Verbrauch,104590
BMS_Verbrauch,91030
BMS_Verbrauch,131850
BMS_Verbrauch,88210
BMS_Verbrauch,272860
BMS_Verbrauch,6250
BMS_Verbrauch,233860
BMS_Verbrauch,324590
BMS_Verbrauch,90040
BMS_Verbrauch,207480
BMS_Verbrauch,223250
BMS_Verbrauch,195230
BMS_Verbrauch,277010
BMS_Verbrauch,186200
BMS_Verbrauch,74460
BMS_Verbrauch,238580
BMS_Verbrauch,240750
BMS_Verbrauch,26370
BMS_Verbrauch,58660
BMS_Verbrauch,88220
BMS_Verbrauch,21240
BMS_Verbrauch,215190
BMS_Verbrauch,48100
BMS_Verbrauch,116260
BMS_Verbrauch,273380
BMS_Verbrauch,60
BMS_Verbrauch,0
BMS_Verbrauch,100320
BMS_Verbrauch,273360
BMS_Verbrauch,66230
BMS_Verbrauch,313830
BMS_Verbrauch,62610
BMS_Verbrauch,42010
BMS_Verbrauch,301080
BMS_Verbrauch,281940
BMS_Verbrauch,205850
BMS_Verbrauch,46990
BMS_Verbrauch,209960
BMS_Verbrauch,326780
BMS_Verbrauch,232330
BMS_Verbrauch,47070
BMS_Verbrauch,34310
BMS_Verbrauch,71170
BMS_Verbrauch,78360
BMS_Verbrauch,217860
BMS_Verbrauch,83210
BMS_Verbrauch,46980
BMS_Verbrauch,47620
BMS_Verbrauch,142770
BMS_Verbrauch,90990
BMS_Verbrauch,27810
BMS_Verbrauch,31670
BMS_Verbrauch,56740
BMS_Verbrauch,145370
BMS_Verbrauch,16680
BMS_Verbrauch,274860
BMS_Verbrauch,32050
BMS_Verbrauch,59890
BMS_Verbrauch,13220
BMS_Verbrauch,142680
BMS_Verbrauch,222240
BMS_Verbrauch,62820
BMS_Verbrauch,113440
BMS_Verbrauch,305550
BMS_Verbrauch,124200
BMS_Verbrauch,162880
BMS_Verbrauch,294850
BMS_Verbrauch,95120
BMS_Verbrauch,119000
BMS_Verbrauch,117540
BMS_Verbrauch,128870
BMS_Verbrauch,224390
BMS_Verbrauch,139950
BMS_Verbrauch,168160
BMS_Verbrauch,211660
BMS_Verbrauch,39280
BMS_Verbrauch,263160
BMS_Verbrauch,156840
BMS_Verbrauch,133010
BMS_Verbrauch,270440
BMS_Verbrauch,153640
BMS_Verbrauch,153130
BMS_Verbrauch,210890
BMS_Verbrauch,147570
BMS_Verbrauch,166510
BMS_Verbrauch,113980
BMS_Verbrauch,267600
BMS_Verbrauch,184620
BMS_Verbrauch,1860
BMS_Verbrauch,267350
BMS_Verbrauch,181930
BMS_Verbrauch,189410
BMS_Verbrauch,99480
BMS_Verbrauch,35940
BMS_Verbrauch,44050
BMS_Verbrauch,308730
BMS_Verbrauch,23860
BMS_Verbrauch,100340
BMS_Verbrauch,58670
BMS_Verbrauch,116270
BMS_Verbrauch,173570
BMS_Verbrauch,54910
BMS_Verbrauch,72230
BMS_Verbrauch,177760
BMS_Verbrauch,239550
BMS_Verbrauch,230760
BMS_Verbrauch,45840
BMS_Verbrauch,44810
BMS_Verbrauch,117170
BMS_Verbrauch,113410
BMS_Verbrauch,299360
BMS_Verbrauch,233760
BMS_Verbrauch,205110
BMS_Verbrauch,256990
BMS_Verbrauch,131710
BMS_Verbrauch,215040
BMS_Verbrauch,320330
BMS_Verbrauch,27570
BMS_Verbrauch,296310
BMS_Verbrauch,319690
BMS_Verbrauch,222050
BMS_Verbrauch,321710
BMS_Verbrauch,249270
BMS_Verbrauch,300010
BMS_Verbrauch,311450
BMS_Verbrauch,48540
BMS_Verbrauch,221720
BMS_Verbrauch,100650
BMS_Verbrauch,68700
BMS_Verbrauch,102940
BMS_Verbrauch,103270
BMS_Verbrauch,122880
BMS_Verbrauch,159150
BMS_Verbrauch,38700
BMS_Verbrauch,285680
BMS_Verbrauch,46550
BMS_Verbrauch,94800
BMS_Verbrauch,226650
BMS_Verbrauch,143880
BMS_Verbrauch,310870
BMS_Verbrauch,311930
BMS_Verbrauch,69380
BMS_Verbrauch,151040
BMS_Verbrauch,45940
BMS_Verbrauch,182120
BMS_Verbrauch,138250
BMS_Verbrauch,178750
BMS_Verbrauch,165470
BMS_Verbrauch,181710
BMS_Verbrauch,277130
BMS_Verbrauch,211630
BMS_Verbrauch,13780
BMS_Verbrauch,153150
BMS_Verbrauch,186440
BMS_Verbrauch,285240
BMS_Verbrauch,69560
BMS_Verbrauch,100730
BMS_Verbrauch,302230
BMS_Verbrauch,38300
BMS_Verbrauch,164820
BMS_Verbrauch,97040
BMS_Verbrauch,118760
BMS_Verbrauch,275420
BMS_Verbrauch,208260
BMS_Verbrauch,188270
BMS_Verbrauch,83680
BMS_Verbrauch,317310
BMS_Verbrauch,38840
BMS_Verbrauch,66290
BMS_Verbrauch,215100
BMS_Verbrauch,8580
BMS_Verbrauch,250740
BMS_Verbrauch,263950
BMS_Verbrauch,100200
BMS_Verbrauch,131790
BMS_Verbrauch,238560
BMS_Verbrauch,69540
BMS_Verbrauch,227270
BMS_Verbrauch,322650
BMS_Verbrauch,79250
BMS_Verbrauch,3600
BMS_Verbrauch,255100
BMS_Verbrauch,108390
BMS_Verbrauch,212610
BMS_Verbrauch,151700
BMS_Verbrauch,221190
BMS_Verbrauch,164230
BMS_Verbrauch,26960
BMS_Verbrauch,262910
BMS_Verbrauch,5060
BMS_Verbrauch,313290
BMS_Verbrauch,40040
BMS_Verbrauch,90680
BMS_Verbrauch,93160
BMS_Verbrauch,263780
BMS_Verbrauch,317020
BMS_Verbrauch,1520
BMS_Verbrauch,145530
BMS_Verbrauch,132790
BMS_Verbrauch,176720
BMS_Verbrauch,53430
BMS_Verbrauch,294960
BMS_Verbrauch,101570
BMS_Verbrauch,187600
BMS_Verbrauch,138040
BMS_Verbrauch,194940
BMS_Verbrauch,167380
BMS_Verbrauch,190670
BMS_Verbrauch,221520
BMS_Verbrauch,261380
BMS_Verbrauch,309340
BMS_Verbrauch,192810
BMS_Verbrauch,75280
BMS_Verbrauch,207040
BMS_Verbrauch,82420
BMS_Verbrauch,246450
BMS_Verbrauch,127350
BMS_Verbrauch,175160
BMS_Verbrauch,123650
BMS_Verbrauch,157820
BMS_Verbrauch,201820
BMS_Verbrauch,29940
BMS_Verbrauch,6970
BMS_Verbrauch,150620
BMS_Verbrauch,16080
BMS_Verbrauch,257970
BMS_Verbrauch,276930
BMS_Verbrauch,134830
BMS_Verbrauch,74960
BMS_Verbrauch,203950
BMS_Verbrauch,269240
BMS_Verbrauch,92380
BMS_Verbrauch,111540
BMS_Verbrauch,279990
BMS_Verbrauch,252880
BMS_Verbrauch,261660
BMS_Verbrauch,85330
BMS_Verbrauch,120560
BMS_Verbrauch,218540
BMS_Verbrauch,297800
BMS_Verbrauch,123660
BMS_Verbrauch,230790
BMS_Verbrauch,285630
BMS_Verbrauch,132350
BMS_Verbrauch,282370
BMS_Verbrauch,137480
BMS_Verbrauch,277220
BMS_Verbrauch,24190
BMS_Verbrauch,50040
BMS_Verbrauch,177240
BMS_Verbrauch,127830
BMS_Verbrauch,199450
BMS_Verbrauch,167560
BMS_Verbrauch,81540
BMS_Verbrauch,249610
BMS_Verbrauch,317570
BMS_Verbrauch,309450
BMS_Verbrauch,171180
BMS_Verbrauch,145440
BMS_Verbrauch,210670
BMS_Verbrauch,74940
BMS_Verbrauch,125220
BMS_Verbrauch,256770
BMS_Verbrauch,8900
BMS_Verbrauch,40530
BMS_Verbrauch,200660
BMS_Verbrauch,238980
BMS_Verbrauch,254500
BMS_Verbrauch,300300
BMS_Verbrauch,181450
BMS_Verbrauch,187590
BMS_Verbrauch,198720
BMS_Verbrauch,238140
BMS_Verbrauch,218650
BMS_Verbrauch,102720
BMS_Verbrauch,311990
BMS_Verbrauch,224650
BMS_Verbrauch,222200
BMS_Verbrauch,303870
BMS_Verbrauch,101950
BMS_Verbrauch,134490
BMS_Verbrauch,40
BMS_Verbrauch,40990
BMS_Verbrauch,151150
BMS_Verbrauch,208730
BMS_Verbrauch,101040
BMS_Verbrauch,73830
BMS_Verbrauch,14120
BMS_Verbrauch,97580
BMS_Verbrauch,69440
BMS_Verbrauch,174860
BMS_Verbrauch,28280
BMS_Verbrauch,179010
BMS_Verbrauch,66590
BMS_Verbrauch,279130
BMS_Verbrauch,295070
BMS_Verbrauch,88350
BMS_Verbrauch,75930
BMS_Verbrauch,260990
BMS_Verbrauch,76830
BMS_Verbrauch,224440
BMS_Verbrauch,26640
BMS_Verbrauch,80350
BMS_Verbrauch,58310
BMS_Verbrauch,76140
BMS_Verbrauch,48430
BMS_Verbrauch,248890
BMS_Verbrauch,301800
BMS_Verbrauch,26650
BMS_Verbrauch,177870
BMS_Verbrauch,279620
BMS_Verbrauch,20040
BMS_Verbrauch,2300
BMS_Verbrauch,214550
BMS_Verbrauch,36430
BMS_Verbrauch,321100
BMS_Verbrauch,66350
BMS_Verbrauch,117450
BMS_Verbrauch,38400
BMS_Verbrauch,260410
BMS_Verbrauch,91980
BMS_Verbrauch,274950
BMS_Verbrauch,114130
BMS_Verbrauch,249290
BMS_Verbrauch,83700
BMS_Verbrauch,29070
BMS_Verbrauch,314790
BMS_Verbrauch,83250
BMS_Verbrauch,276700
BMS_Verbrauch,324210
BMS_Verbrauch,3030
BMS_Verbrauch,27430
BMS_Verbrauch,253880
BMS_Verbrauch,243730
BMS_Verbrauch,139010
BMS_Verbrauch,131200
BMS_Verbrauch,284940
BMS_Verbrauch,150370
BMS_Verbrauch,273560
BMS_Verbrauch,17620
BMS_Verbrauch,242150
BMS_Verbrauch,26340
BMS_Verbrauch,156830
BMS_Verbrauch,267670
BMS_Verbrauch,200310
BMS_Verbrauch,104210
BMS_Verbrauch,81470
BMS_Verbrauch,167620
BMS_Verbrauch,266780
BMS_Verbrauch,1430
BMS_Verbrauch,281570
BMS_Verbrauch,258710
BMS_Verbrauch,7860
BMS_Verbrauch,135570
BMS_Verbrauch,140
BMS_Verbrauch,174470
BMS_Verbrauch,31950
BMS_Verbrauch,13630
BMS_Verbrauch,8830
BMS_Verbrauch,185880
BMS_Verbrauch,128210
BMS_Verbrauch,309310
BMS_Verbrauch,165030
BMS_Verbrauch,285320
BMS_Verbrauch,134080
BMS_Verbrauch,45310
BMS_Verbrauch,270630
BMS_Verbrauch,31970
BMS_Verbrauch,132860
BMS_Verbrauch,214860
BMS_Verbrauch,98990
BMS_Verbrauch,184230
BMS_Verbrauch,319560
BMS_Verbrauch,170700
BMS_Verbrauch,305490
BMS_Verbrauch,247670
BMS_Verbrauch,243020
BMS_Verbrauch,102000
BMS_Verbrauch,314920
BMS_Verbrauch,291430
BMS_Verbrauch,264580
BMS_Verbrauch,261510
BMS_Verbrauch,227180
BMS_Verbrauch,140920
BMS_Verbrauch,246150
BMS_Verbrauch,286530
BMS_Verbrauch,214780
BMS_Verbrauch,97710
BMS_Verbrauch,104680
BMS_Verbrauch,169760
BMS_Verbrauch,176290
BMS_Verbrauch,176610
BMS_Verbrauch,190360
BMS_Verbrauch,313530
BMS_Verbrauch,14170
BMS_Verbrauch,272940
BMS_Verbrauch,261270
BMS_Verbrauch,160270
BMS_Verbrauch,44440
BMS_Verbrauch,108350
BMS_Verbrauch,179710
BMS_Verbrauch,276520
BMS_Verbrauch,276420
BMS_Verbrauch,55830
BMS_Verbrauch,186650
BMS_Verbrauch,112090
BMS_Verbrauch,101760
BMS_Verbrauch,250410
BMS_Verbrauch,113670
BMS_Verbrauch,217690
BMS_Verbrauch,12570
BMS_Verbrauch,43060
BMS_Verbrauch,126730
BMS_Verbrauch,132100
BMS_Verbrauch,78090
BMS_Verbrauch,222380
BMS_Verbrauch,99830
BMS_Verbrauch,31710
BMS_Verbrauch,186730
BMS_Verbrauch,202280
BMS_Verbrauch,296490
BMS_Verbrauch,201010
BMS_Verbrauch,258120
BMS_Verbrauch,102640
BMS_Verbrauch,106530
BMS_Verbrauch,324450
BMS_Verbrauch,130420
BMS_Verbrauch,123720
BMS_Verbrauch,251700
BMS_Verbrauch,13110
BMS_Verbrauch,260420
BMS_Verbrauch,298270
BMS_Verbrauch_Ueberlauf,Ueberlauf
BMS_Verbrauch_Ueberlauf,kein_Ueberlauf
BV1_FS_0_Haltelinie_Gierwinkel,0.079771867
BV1_FS_0_Haltelinie_Gierwinkel,-0.04467992
BV1_FS_0_Haltelinie_Gierwinkel,-0.188307638
BV1_FS_0_Haltelinie_Gierwinkel,0.098564279
BV1_FS_0_Haltelinie_Gierwinkel,-0.060212424
BV1_FS_0_Haltelinie_Gierwinkel,-0.080155391
BV1_FS_0_Haltelinie_Gierwinkel,0.126848776
BV1_FS_0_Haltelinie_Gierwinkel,0.191279901
BV1_FS_0_Haltelinie_Gierwinkel,-3.00E-09
BV1_FS_0_Haltelinie_Gierwinkel,Init
BV1_FS_0_Haltelinie_Gierwinkel,-0.043145846
BV1_FS_0_Haltelinie_Gierwinkel,0.058294825
BV1_FS_0_Haltelinie_Gierwinkel,-0.003355791
BV1_FS_0_Haltelinie_Gierwinkel,-0.665500663
FSH_Status,aus
FSH_Status,ein
Speed displayed,15
Speed displayed,3
Speed displayed,11
Speed displayed,2
Speed displayed,0
Speed displayed,33
Speed displayed,45
Speed displayed,16
Speed displayed,1
Speed displayed,14
Speed displayed,5
Speed displayed,46
Speed displayed,53
Speed displayed,36
Speed displayed,38
Speed displayed,20
Speed displayed,6
Speed displayed,10
Speed displayed,8
Speed displayed,18
Speed displayed,25
Speed displayed,56
Speed displayed,4
Speed displayed,40
Speed displayed,7
Speed displayed,13
Wischer_vorne_defekt,Wischer vorne defekt
Wischer_vorne_defekt,Init
bCall_active,bcall_inactive
clamp 15 status,0
clamp 15 status,1
iCall_active,inaktiv
